0x55d610	TForm7_FormClose
0x55d614	TForm7_Image1MouseDown
0x55d64c	TForm7_FormCreate
0x55d9f8	TForm7_BitBtn2Click
0x55da04	TForm7_Shape1MouseDown
0x55da90	TForm7_Shape2MouseDown
0x55db1c	TForm7_BitBtn1Click
0x55e574	TForm7_estadocomboSelect
0x55e5d0	TForm7_combo1Change
0x55e654	TForm7_ComboBox1Select
0x55e6b0	TForm7_FormShow
0x55e6f4	TForm7_combo1KeyDown
0x55f6c8	TForm73_checkapais
0x55ebcc	TForm73_FormClose
0x55ebd0	TForm73_FormCreate
0x55efa0	TForm73_Shape1MouseDown
0x55efec	TForm73_Shape2MouseDown
0x55f038	TForm73_BitBtn1Click
0x55f7d0	TForm73_BitBtn2Click
0x55f7dc	TForm73_image1Click
0x560b44	TForm4_BitBtn2Click
0x560b50	TForm4_FormKeyDown
0x560b88	TForm4_FormCreate
0x5610f4	TForm4_BitBtn1Click
0x561930	TForm4_Edit1Change
0x56198c	TForm4_Edit2Change
0x5619e8	TForm4_Edit3Change
0x561a44	TForm4_Edit4Change
0x561aa0	TForm4_ComboBox1Select
0x561afc	TForm4_estadocomboChange
0x561b60	TForm4_Shape1MouseDown
0x561c00	TForm4_Shape2MouseDown
0x561ca0	TForm4_FormShow
0x561ce4	TForm4_FormClose
0x561ce8	TForm4_combo1Select
0x561d74	TForm4_FormActivate
0x561ddc	TForm4_combo1KeyDown
0x561f44	TForm4_ComboBox2Select
0x561f68	TForm4_Edit6Change
0x561fc4	TForm4_combobox2Change
0x5623e4	TForm5_FormClose
0x5623e8	TForm5_FormShow
0x562440	TForm5_FormCreate
0x562860	TForm5_FormActivate
0x562884	TForm5_BitBtn2Click
0x562890	TForm5_BitBtn1Click
0x563404	TForm5_ComboBox1Change
0x56340c	TForm5_TrackBar1Change
0x563468	TForm5_FormKeyDown
0x56363c	TForm5_combo1KeyDown
0x563b44	TForm6_FormShow
0x563e24	TForm6_ComboBox1Change
0x563e2c	TForm6_FormCreate
0x564094	TForm6_FormActivate
0x5647f4	TForm6_BitBtn2Click
0x564800	TForm6_FormClose
0x564804	TForm6_BitBtn1Click
0x565728	TForm6_TrackBar1Change
0x565784	TForm6_FormKeyDown
0x56596c	TForm6_combo1KeyDown
0x565de0	TForm79_FormClose
0x565de4	TForm79_XiButton2Click
0x565df0	TForm79_FormCreate
0x5662a0	TForm79_XiButton1Click
0x5662cc	TForm79_grid1SelectCell
0x566450	TForm79_XiButton3Click
0x567224	TForm3_FormCreate
0x56ab34	TForm3_listjogselecao
0x56a818	TForm3_selecaosalvar
0x56cb74	TForm3_dragjogadorselecao
0x56c38c	TForm3_transferejogador
0x569d2c	TForm3_sortbypaisnivel
0x569120	TForm3_contatitulares
0x567bb4	TForm3_listtime
0x569930	TForm3_timesalvar
0x568f30	TForm3_Image8Click
0x568f40	TForm3_Image9Click
0x568f58	TForm3_FormClose
0x5698f0	TForm3_getnovoid
0x568b30	TForm3_getescudo
0x568c30	TForm3_getcamisa
0x568d30	TForm3_getcamisa2
0x568e30	TForm3_getcamisa3
0x568f5c	TForm3_gridtimesSelectCell
0x5691d8	TForm3_Grid1CellColoring
0x56921c	TForm3_Grid1CellClick
0x569b78	TForm3_gridtimesCellColoring
0x569bbc	TForm3_gridtimesCellFormating
0x569cbc	TForm3_gridtimesSortColumn
0x56a3ac	TForm3_Image1MouseDown
0x56a424	TForm3_Image5Click
0x56a48c	TForm3_Image7Click
0x56a68c	TForm3_Image6Click
0x56a714	TForm3_gridtimesDblClick
0x56a720	TForm3_Image10Click
0x56bba8	TForm3_Image12Click
0x56bed4	TForm3_Image11Click
0x56bf14	TForm3_Grid1DblClick
0x56bf48	TForm3_Grid1KeyDown
0x56c308	TForm3_Grid1MouseDown
0x56c340	TForm3_Adicionarjogador1Click
0x56c34c	TForm3_DeletarJogador1Click
0x56c358	TForm3_EditarJogador1Click
0x56c364	TForm3_ransferirjogador1Click
0x56c6f8	TForm3_xbt1Click
0x56c80c	TForm3_xbt2Click
0x56c984	TForm3_gridselecoesSelectCell
0x56ca64	TForm3_xbt2DragDrop
0x56cb50	TForm3_xbt2DragOver
0x56cd3c	TForm3_Label6Click
0x56cda4	TForm3_FormKeyDown
0x56ceb0	TForm3_gridtimesKeyDown
0x56cfc8	TForm3_Button1Click
0x56d0b0	TForm3_Label3Click
0x56d224	TForm3_Button2Click
0x56d3c4	TForm3_Button3Click
0x56d564	TForm3_Button4Click
0x56d700	TForm3_Edit1Change
0x56d718	TForm3_Edit2Change
0x56d738	TForm3_btpjClick
0x56db24	TForm3_AdvGlowButton6Click
0x56db34	TForm3_AdvGlowButton7Click
0x56db4c	TForm3_btdupClick
0x56dda4	TForm3_nivelButtonClick
0x56dda8	TForm3_AdvGlowButton8Click
0x56ddb0	TForm3_gridtimesHeaderClick
0x56ddf0	TForm3_IMGJClick
0x56dfac	TForm3_IMGPClick
0x56e41c	TForm2_carregatimes
0x56ea98	TForm2_FormCreate
0x56ebe0	TForm2_Timer1Timer
0x56ebfc	TForm2_FormClose
0x56ec00	TForm2_FormShow
0x56ec44	TForm2_FormKeyDown
0x56ec68	TForm2_FormPaint
0x571254	TForm52_FormCreate
0x5739d0	TForm52_bt_irprojogoClick
0x5739dc	TForm52_FormClose
0x573a48	TForm52_FormPaint
0x573ab8	TForm52_nometime1Click
0x573cb8	TForm52_nometime2Click
0x573d98	TForm52_HTMLabel1Click
0x5747d4	TForm78_FormShow
0x574818	TForm78_FormPaint
0x574888	TForm78_FormClose
0x575e94	TForm78_FormCreate
0x576d30	TForm78_gr1Click
0x578538	TForm78_bt3Click
0x578544	TForm78_p1Click
0x5785fc	TForm78_FormKeyDown
0x57cd04	TForm10_bt3Click
0x57cd10	TForm10_FormClose
0x57ceb4	TForm10_XiButton1Click
0x57d2e4	TForm10_FormCreate
0x57d948	TForm10_btconstruirClick
0x57dc44	TForm10_FormShow
0x57e0cc	TForm8_FormCreate
0x57eabc	TForm8_bt3Click
0x57eac8	TForm8_FormClose
0x57eacc	TForm8_upgClick
0x57ec04	TForm8_upaClick
0x57ed3c	TForm8_upcClick
0x57ee74	TForm8_upcmClick
0x57efac	TForm8_bt1Click
0x57efd4	TForm8_FormShow
0x57f018	TForm8_AdvGlowButton2Click
0x58626c	TForm91_FormPaint
0x5862ec	TForm91_Image8Click
0x5862f8	TForm91_FormClose
0x587214	TForm91_FormCreate
0x58753c	TForm91_XiButton4Click
0x587590	TForm91_btacaoClick
0x58799c	TForm91_XiButton3Click
0x58820c	TForm91_gridview1SelectCell
0x58826c	TForm91_Edit1Change
0x58845c	TForm91_XiButton1Click
0x58860c	TForm91_gridview1CellFormating
0x588afc	TForm18_FormShow
0x588b40	TForm18_FormPaint
0x588bb0	TForm18_FormClose
0x588bb4	TForm18_bt3Click
0x5897b0	TForm18_FormCreate
0x589bf4	TForm18_list1CellColoring
0x589c1c	TForm18_list1CellFormating
0x589cc8	TForm18_combo1Select
0x58a190	TForm18_list1SortColumn
0x58a198	TForm18_list1DblClick
0x58a284	TForm18_FormKeyDown
0x58a29c	TForm18_combo1Change
0x58a708	TForm55_FormShow
0x58a74c	TForm55_FormPaint
0x58c058	TForm55_FormCreate
0x58c744	TForm55_FormClose
0x58c748	TForm55_FormKeyDown
0x58c760	TForm55_GridCellColoring
0x58c8a8	TForm55_Image2Click
0x58cb78	TForm49_FormClose
0x58cb7c	TForm49_FormShow
0x58cbc0	TForm49_FormPaint
0x58cc30	TForm49_FormKeyDown
0x58cc54	TForm49_bt1Click
0x58cc68	TForm49_bt2Click
0x58cc88	TForm49_FormCreate
0x58d150	TForm61_FormPaint
0x58d1c0	TForm61_bt2Click
0x58d320	TForm61_FormKeyDown
0x58d338	TForm61_FormCreate
0x58d4d4	TForm61_btconfClick
0x58d7b4	TForm60_FormClose
0x58d7b8	TForm60_FormShow
0x58d7fc	TForm60_FormPaint
0x58d86c	TForm60_bt2Click
0x58d878	TForm60_Edit1Change
0x58e37c	TForm60_bt1Click
0x58e6cc	TForm60_FormCreate
0x58eec8	TForm58_FormPaint
0x58ef38	TForm58_FormShow
0x58ef7c	TForm58_bt3Click
0x58ef88	TForm58_FormClose
0x58ef8c	TForm58_FormKeyDown
0x58fb9c	TForm58_FormCreate
0x58fcac	TForm58_Gridview1CellColoring
0x58fcf0	TForm58_combopaisChange
0x59017c	TForm74_FormPaint
0x5901ec	TForm74_XiButton1Click
0x590324	TForm74_FormClose
0x5904fc	TForm74_FormCreate
0x590f8c	TForm16_XiButton1Click
0x590f98	TForm16_FormClose
0x590f9c	TForm16_FormCreate
0x591990	TForm16_FormPaint
0x591a00	TForm16_XiButton2Click
0x591a0c	TForm16_XiButton3Click
0x591a1c	TForm16_gridview1DblClick
0x592098	TForm47_FormPaint
0x592108	TForm47_FormShow
0x592118	TForm47_FormCreate
0x593034	TForm47_gridview1CellColoring
0x593078	TForm47_gridview1CellFormating
0x593158	TForm47_FormClose
0x593688	TForm47_gridview1SelectCell
0x594548	TForm47_combopaisClick
0x5945ac	TForm47_Label6Click
0x5945dc	TForm47_Label4Click
0x5946c8	TForm47_XiButton1Click
0x5946d4	TForm47_XiButton3Click
0x5946e4	TForm47_Image2Click
0x594c90	TForm27_FormShow
0x594ca0	TForm27_FormPaint
0x594d10	TForm27_FormClose
0x594d14	TForm27_bt3Click
0x594d20	TForm27_FormCreate
0x5953f8	TForm27_button2Click
0x59686c	TForm27_gfindCellColoring
0x5968b0	TForm27_gfindDblClick
0x5969e8	TForm27_bt1Click
0x596afc	TForm27_FormKeyDown
0x596b14	TForm27_gfindSortColumn
0x596b1c	TForm27_gfindHeaderClick
0x596c08	TForm27_Image4Click
0x598f54	TForm14_FormClose
0x599048	TForm14_FormPaint
0x5990b8	TForm14_FormCreate
0x5994ec	TForm14_bt3Click
0x5994f8	TForm14_TreeView1Change
0x599650	TForm14_joglistCellColoring
0x599690	TForm14_joglistSelectCell
0x59a69c	TForm14_gridview3CellColoring
0x59a6ac	TForm14_gridview3CellFormating
0x59a6fc	TForm14_bt1Click
0x59acc0	TForm14_bt2Click
0x59add4	TForm14_Image3Click
0x59ae0c	TForm14_joglistDblClick
0x59aef8	TForm14_Histricodejogos1Click
0x59afe4	TForm14_FormKeyDown
0x59b77c	TForm14_NextGrid1SelectCell
0x59b8cc	TForm14_Label26Click
0x59b910	TForm14_bt4Click
0x59be38	TForm14_joglistCellFormating
0x59bf50	TForm14_Label28Click
0x59bf88	TForm14_Image13Click
0x59c06c	TForm14_Label3Click
0x59c100	TForm14_XiButton2Click
0x59c1f4	TForm14_Image4Click
0x59c2d8	TForm14_vendejAnchorClick
0x59c300	TForm14_Image8Click
0x59c338	TForm14_Image8MouseDown
0x59c4d0	TForm14_Image8MouseMove
0x59da10	TForm15_FormClose
0x59da34	TForm15_FormShow
0x59da78	TForm15_FormPaint
0x59dae8	TForm15_FormKeyDown
0x59db14	TForm15_FormCreate
0x59dd94	TForm15_bt3Click
0x59def8	TForm15_Gridview1CellColoring
0x59e310	TForm20_FormClose
0x59e314	TForm20_XiButton1Click
0x59f0a0	TForm20_FormCreate
0x59fb44	TForm20_t1CellColoring
0x59fb88	TForm20_combo1Select
0x59fee8	TForm20_combo2Change
0x59ff1c	TForm20_Label1Click
0x59ff24	TForm20_FormKeyDown
0x59ff3c	TForm20_combopaisChange
0x5a0060	TForm20_FormPaint
0x5a00d0	TForm20_t1DblClick
0x5a05f8	TForm22_FormClose
0x5a05fc	TForm22_FormPaint
0x5a066c	TForm22_FormShow
0x5a06b0	TForm22_FormKeyDown
0x5a06c8	TForm22_XiButton2Click
0x5a06d4	TForm22_FormCreate
0x5a1370	TForm24_FormShow
0x5a13b4	TForm24_FormPaint
0x5a1424	TForm24_FormClose
0x5a1464	TForm24_bt3Click
0x5a1470	TForm24_Edit1Change
0x5a154c	TForm24_FormCreate
0x5a18fc	TForm24_UpDown1Click
0x5a1a90	TForm24_FormKeyDown
0x5a1ad0	TForm24_CHButton1Click
0x5a2548	TForm25_FormShow
0x5a258c	TForm25_FormPaint
0x5a25fc	TForm25_FormClose
0x5a263c	TForm25_FormCreate
0x5a272c	TForm25_button1Click
0x5a2760	TForm25_button2Click
0x5a276c	TForm25_Timer1Timer
0x5a27a8	TForm25_FormKeyDown
0x5a2c84	TForm23_FormPaint
0x5a2cf4	TForm23_FormClose
0x5a2d24	TForm23_FormCreate
0x5a4648	TForm23_CHButton1Click
0x5a49c4	TForm23_Edit1Change
0x5a4aa0	TForm23_FormKeyDown
0x5a4ac4	TForm23_Timer1Timer
0x5a4ae0	TForm23_Timer2Timer
0x5a4dd8	TForm28_FormCreate
0x5a5118	TForm28_FormClose
0x5a511c	TForm28_FormPaint
0x5a518c	TForm28_FormShow
0x5a51d0	TForm28_FormKeyDown
0x5a51e8	TForm28_bt3Click
0x5a51f4	TForm28_bt1Click
0x5a5520	TForm28_bt2Click
0x5a5bf4	TForm29_FormShow
0x5a5c04	TForm29_FormPaint
0x5a5c74	TForm29_FormClose
0x5a5cc8	TForm29_XiButton1Click
0x5a5cd4	TForm29_FormCreate
0x5a6e88	TForm29_combo1Select
0x5a7554	TForm29_combo2Select
0x5a6ffc	TForm29_updatecontrole
0x5a757c	TForm29_FormKeyDown
0x5a7594	TForm29_combopaisSelect
0x5a75e4	TForm29_Button1Click
0x5a7938	TForm64_Shape1MouseDown
0x5a7a0c	TForm64_Shape2MouseDown
0x5a7ae0	TForm64_Shape3MouseDown
0x5a7bb4	TForm64_Shape4MouseDown
0x5a7c88	TForm64_Shape5MouseDown
0x5a7d5c	TForm64_XiButton2Click
0x5a7f54	TForm64_XiButton1Click
0x5a7f84	TForm64_FormClose
0x5a7f88	TForm64_FormCreate
0x5a87a8	TForm32_FormPaint
0x5a8818	TForm32_XiButton2Click
0x5a884c	TForm32_FormCreate
0x5a95c0	TForm32_ComboBox2Select
0x5a9658	TForm32_ComboBox1Select
0x5a97b4	TForm32_ComboBox4Select
0x5a9910	TForm32_ComboBox3Select
0x5a99c0	TForm32_ComboBox5Select
0x5a9a74	TForm32_ComboBox6Select
0x5a9b20	TForm32_cksomClick
0x5a9bb4	TForm32_cknegritoClick
0x5a9c4c	TForm32_ckcorClick
0x5a9d30	TForm32_FormClose
0x5a9d34	TForm32_FormShow
0x5a9d78	TForm32_FormKeyDown
0x5a9db4	TForm32_Image1Click
0x5a9ddc	TForm32_ComboBox7Select
0x5a9e74	TForm32_list1CellClick
0x5aa004	TForm32_combo41Select
0x5aa0ac	TForm32_combo42Select
0x5aa154	TForm32_combo61Select
0x5aa1fc	TForm32_combo62Select
0x5aa2a4	TForm32_ckcontratoClick
0x5aa33c	TForm32_chdestaqueClick
0x5aa3cc	TForm32_c1dMouseDown
0x5aa470	TForm32_c2dMouseDown
0x5aa514	TForm32_c3dMouseDown
0x5ac03c	TForm35_FormClose
0x5ac040	TForm35_FormShow
0x5ac088	TForm35_FormPaint
0x5ac0f8	TForm35_FormKeyDown
0x5ac110	TForm35_XiButton1Click
0x5ac11c	TForm35_FormCreate
0x5adc5c	TForm35_combopaisChange
0x5adc9c	TForm35_Label3Click
0x5add20	TForm35_Image1Click
0x5ae400	TForm36_FormCreate
0x5b44f8	TForm36_FormShow
0x5b453c	TForm36_FormClose
0x5b4540	TForm36_Button1Click
0x5b454c	TForm36_listd1Compare
0x5b47b8	TForm36_Image1Click
0x5b47dc	TForm36_FormPaint
0x5b485c	TForm36_FormKeyDown
0x5ae838	TForm36_combo1Change
0x5b4874	TForm36_combopaisChange
0x5b4914	TForm36_bttesteClick
0x5b492c	TForm36_Image8Click
0x5b4938	TForm36_Image2Click
0x5b495c	TForm36_Image3Click
0x5b4990	TForm36_Image4Click
0x5b49c4	TForm36_Image5Click
0x5b49f8	TForm36_Image6Click
0x5b4a2c	TForm36_Image7Click
0x5b4a60	TForm36_Image9Click
0x5b4a84	TForm36_Image10Click
0x5b4aa8	TForm36_Image11Click
0x5b4acc	TForm36_Image12Click
0x5b4e74	TForm41_FormShow
0x5b4eb8	TForm41_FormKeyDown
0x5b4edc	TForm41_BitBtn1Click
0x5b4f9c	TForm41_BitBtn2Click
0x5b4fa8	TForm41_FormClose
0x5b4fac	TForm41_FormCreate
0x5b528c	TForm40_FormShow
0x5b52dc	TForm40_Edit1Change
0x5b5344	TForm40_bt1Click
0x5b54e8	TForm40_FormClose
0x5b54ec	TForm40_FormKeyDown
0x5b5510	TForm40_FormCreate
0x5b65ec	TForm42_FormShow
0x5b665c	TForm42_FormPaint
0x5b66cc	TForm42_FormClose
0x5b66d0	TForm42_FormCreate
0x5b6a30	TForm42_bt1Click
0x5b6a3c	TForm42_XiButton1Click
0x5b83e8	TForm42_XiButton2Click
0x5b8400	TForm42_FormKeyDown
0x5b8424	TForm42_Image1Click
0x5b87a0	TForm44_FormShow
0x5b87e4	TForm44_FormPaint
0x5b8854	TForm44_FormCreate
0x5b8ed8	TForm44_Edit1Change
0x5b906c	TForm44_Edit2Change
0x5b9200	TForm44_bt1Click
0x5b9428	TForm44_ck1Click
0x5b94e8	TForm44_FormClose
0x5b94ec	TForm44_XiButton1Click
0x5b977c	TForm45_FormShow
0x5b97c0	TForm45_FormClose
0x5b97c4	TForm45_FormCreate
0x5b97e0	TForm45_FormKeyDown
0x5b97f8	TForm45_XiButton2Click
0x5b9804	TForm45_Label4Click
0x5b9c40	TForm48_FormPaint
0x5b9cb0	TForm48_FormShow
0x5b9cf4	TForm48_FormClose
0x5b9cf8	TForm48_CHButton1Click
0x5b9d04	TForm48_XiButton1Click
0x5b9d94	TForm48_FormCreate
0x5b9fd8	TForm48_Image1Click
0x5ba240	TForm51_FormShow
0x5ba284	TForm51_FormKeyDown
0x5ba2a8	TForm51_FormClose
0x5ba2ac	TForm51_bt2Click
0x5ba2d8	TForm51_Edit1Change
0x5ba364	TForm51_FormCreate
0x5ba744	TForm50_FormShow
0x5ba788	TForm50_FormClose
0x5ba78c	TForm50_bt1Click
0x5ba978	TForm50_bt2Click
0x5baf04	TForm50_FormCreate
0x5bafe4	TForm50_Image2Click
0x5baff0	TForm50_FormPaint
0x5c25e4	TForm62_FormShow
0x5c2628	TForm62_FormPaint
0x5c2674	TForm62_bt1Click
0x5c27fc	TForm62_FormClose
0x5c2800	TForm62_FormCreate
0x5c36d0	TForm62_grid1CellColoring
0x5c3714	TForm62_grid1CellFormating
0x5c3858	TForm62_grid1SelectCell
0x5c3a5c	TForm62_XiButton1Click
0x5c3ac8	TForm62_XiButton2Click
0x5c4378	TForm69_XiButton1Click
0x5c4384	TForm69_FormClose
0x5c4388	TForm69_FormShow
0x5c43d0	TForm69_FormPaint
0x5c4440	TForm69_FormKeyDown
0x5c4cdc	TForm69_FormCreate
0x5c4e38	TForm69_combo1Change
0x5c4f98	TForm69_Image1Click
0x5c54ec	TForm63_FormShow
0x5c5530	TForm63_FormPaint
0x5c55a0	TForm63_FormClose
0x5c55a4	TForm63_FormCreate
0x5c7070	TForm63_t1CellColoring
0x5c70f4	TForm63_t1DblClick
0x5c74ac	TForm63_XiButton3Click
0x5c74fc	TForm63_bt3Click
0x5c7624	TForm63_c1Click
0x5c7674	TForm63_combo1Change
0x5c77d8	TForm63_bt1Click
0x5c7828	TForm63_combopaisChange
0x5c7844	TForm63_Image1Click
0x5c78a8	TForm63_Image2Click
0x5c7a14	TForm63_Image3Click
0x5c7bb4	TForm63_Image4Click
0x5c7d54	TForm63_Image5Click
0x5c7ef4	TForm63_Image6Click
0x5c8094	TForm63_Image7Click
0x5c8234	TForm63_Image9Click
0x5c8240	TForm63_imgfecharClick
0x5c8494	TForm65_XiButton2Click
0x5c84a8	TForm65_XiButton1Click
0x5c84b4	TForm65_FormShow
0x5c84f8	TForm65_FormClose
0x5c84fc	TForm65_FormCreate
0x5c88e8	TForm68_FormClose
0x5c88ec	TForm68_FormShow
0x5c8930	TForm68_FormPaint
0x5c89a0	TForm68_FormCreate
0x5c9190	TForm68_bt3Click
0x5c92ac	TForm68_XiButton1Click
0x5c92b8	TForm68_FormKeyDown
0x5ca530	TForm71_FormShow
0x5ca574	TForm71_FormPaint
0x5ca5e4	TForm71_FormClose
0x5ca660	TForm71_bt1Click
0x5ca73c	TForm71_bt2Click
0x5ca82c	TForm71_bt3Click
0x5ca838	TForm71_listr2CellColoring
0x5cd6c4	TForm71_FormCreate
0x5cdbb8	TForm71_FormKeyDown
0x5cdbd0	TForm71_combopaisChange
0x5cdca8	TForm71_btiClick
0x5cdd30	TForm71_bt4Click
0x5ce098	TForm72_FormShow
0x5ce0dc	TForm72_FormPaint
0x5ce14c	TForm72_FormClose
0x5ce150	TForm72_FormCreate
0x5ce214	TForm72_bt3Click
0x5cff28	TForm75_FormCreate
0x5d047c	TForm75_Label4Click
0x5d04a4	TForm75_combtatClick
0x5d04b8	TForm75_gridview1CellColoring
0x5d04fc	TForm75_gridview1CellClick
0x5d0ab0	TForm75_Label13Click
0x5d0acc	TForm75_SalvarClick
0x5d0af0	TForm75_opcoesClick
0x5d0b24	TForm75_Sairdojogo1Click
0x5d0bd4	TForm75_FormKeyDown
0x5d0c30	TForm75_FormPaint
0x5d0ca0	TForm75_btjogarClick
0x5d106c	TForm76_FormPaint
0x5d10dc	TForm76_FormClose
0x5d10e0	TForm76_FormShow
0x5d1128	TForm76_FormCreate
0x5d16f4	TForm76_btfecharClick
0x5d1830	TForm76_r1Click
0x5d1840	TForm76_FormKeyDown
0x5d1864	TForm76_XiButton1Click
0x5d1ab0	TForm80_FormShow
0x5d1af4	TForm80_FormCreate
0x5d1ef0	TForm84_FormShow
0x5d1f34	TForm84_FormPaint
0x5d1fa4	TForm84_FormClose
0x5d1fa8	TForm84_XiButton2Click
0x5d1fbc	TForm84_XiButton1Click
0x5d1fd0	TForm84_FormCreate
0x5d280c	TForm81_FormCreate
0x5d2de4	TForm81_bt1Click
0x5d3190	TForm81_combo1Select
0x5d31b0	TForm81_ComboBox1Select
0x5d31c0	TForm81_XiButton1Click
0x5d31cc	TForm81_FormClose
0x5d31d0	TForm81_FormShow
0x5d3214	TForm81_FormPaint
0x5d3538	TForm82_FormShow
0x5d357c	TForm82_FormPaint
0x5d35ec	TForm82_FormClose
0x5d35f0	TForm82_FormCreate
0x5d3834	TForm82_button1Click
0x5d3a90	TForm82_XiButton1Click
0x5d60c4	TForm30_FormClose
0x5d60f8	TForm30_FormPaint
0x5d6168	TForm30_FormKeyDown
0x5d6584	TForm30_FormCreate
0x5d6b3c	TForm30_bt3Click
0x5d6d48	TForm30_XiButton1Click
0x5d6d54	TForm30_FormShow
0x5d6d98	TForm30_r1Click
0x5d6db8	TForm30_bt2Click
0x5d70d8	TForm70_FormClose
0x5d70dc	TForm70_FormCreate
0x5d7dcc	TForm70_bt3Click
0x5d7dd8	TForm70_FormPaint
0x5d7e48	TForm70_combopaisChange
0x5d8020	TForm70_combo1Change
0x5d856c	TForm70_ComboBox1Change
0x5d8574	TForm70_comboanoChange
0x5d87e8	TForm85_FormShow
0x5d882c	TForm85_FormPaint
0x5d889c	TForm85_FormClose
0x5d88a0	TForm85_XiButton1Click
0x5d88b4	TForm85_XiButton2Click
0x5d88c8	TForm85_FormCreate
0x5d8d1c	TForm26_bt3Click
0x5d92fc	TForm26_FormClose
0x5d9300	TForm26_FormPaint
0x5d9370	TForm26_FormShow
0x5d9404	TForm26_FormCreate
0x5e12d0	TForm26_Timer1Timer
0x5e130c	TForm26_FormKeyDown
0x5e1348	TForm26_combopaisChange
0x5e1364	TForm26_gridcCellFormating
0x5e147c	TForm26_gridiCellFormating
0x5e1598	TForm26_bttimeanoClick
0x5e1888	TForm59_FormShow
0x5e18cc	TForm59_FormKeyDown
0x5e18f0	TForm59_FormClose
0x5e18f4	TForm59_FormCreate
0x5e1ab8	TForm59_XiButton1Click
0x5e1ac4	TForm59_bt3Click
0x5e1de4	TForm86_FormClose
0x5e1de8	TForm86_Shape1MouseDown
0x5e1e34	TForm86_Shape2MouseDown
0x5e1e80	TForm86_FormCreate
0x5e1f64	TForm86_XiButton1Click
0x5e2414	TForm83_FormCreate
0x5e2930	TForm83_bt3Click
0x5e293c	TForm83_FormClose
0x5e2940	TForm83_combopaisChange
0x5e3aa0	TForm83_combo1Change
0x5e3e2c	TForm90_FormShow
0x5e3e70	TForm90_bt3Click
0x5e3e7c	TForm90_FormClose
0x5e3e80	TForm90_FormPaint
0x5e3ef0	TForm90_AdvGlowButton4Click
0x5e3efc	TForm90_FormCreate
0x5e42a4	TForm90_AdvGlowButton3Click
0x5e4710	TForm90_AdvGlowButton1Click
0x5e47f4	TForm90_AdvGlowButton2Click
0x5e51d0	TForm87_FormClose
0x5e6c00	TForm87_FormCreate
0x5e9f40	TForm87_gridview1DragOver
0x5e9f48	TForm87_gridview1StartDrag
0x5e9f58	TForm87_gridview1MouseDown
0x5e9f88	TForm87_Image2DragDrop
0x5e9fb8	TForm87_Image2DragOver
0x5e9fdc	TForm87_Image2MouseDown
0x5eb4c4	TForm87_Label2MouseMove
0x5eb4cc	TForm87_Image2MouseUp
0x5eb4d4	TForm87_Image1DragOver
0x5ea08c	TForm87_ImagecamisaMouseDown
0x5ea180	TForm87_labnumeroMouseDown
0x5e9fe4	TForm87_ImagecamisaStartDrag
0x5ea078	TForm87_ImagecamisaEndDrag
0x5eb4b4	TForm87_ImagecamisaDragOver
0x5ea708	TForm87_ImagecamisaDragDrop
0x5eb798	TForm87_Image1DragDrop
0x5eb938	TForm87_Image1StartDrag
0x5eb93c	TForm87_Image1EndDrag
0x5eb944	TForm87_FormPaint
0x5eb9b4	TForm87_combtatClick
0x5eba2c	TForm87_ckescalacaoClick
0x5ebac4	TForm87_comboejClick
0x5ebaf0	TForm87_combo_cataqChange
0x5ebb1c	TForm87_combomarcChange
0x5ebb48	TForm87_bt_voltarClick
0x5ebb84	TForm87_bt_irprojogoClick
0x5ebfd4	TForm87_Button1Click
0x5ec02c	TForm87_Button2Click
0x5ec434	TForm87_Button3Click
0x5ec438	TForm87_combo2Change
0x5ec46c	TForm87_combo1Change
0x5ec4a0	TForm87_gridview1SelectCell
0x5ec540	TForm87_Button4Click
0x5ec5b4	TForm87_rd2Click
0x5ec668	TForm87_rd1Click
0x5ec71c	TForm87_rd3Click
0x5ec7d0	TForm87_AdvGlowButton1Click
0x5ed03c	TForm21_FormClose
0x5ed040	TForm21_BitBtn2Click
0x5ed05c	TForm21_FormShow
0x5ed0a0	TForm21_FormCreate
0x5ed370	TForm21_grid1SelectCell
0x5ed37c	TForm21_BitBtn3Click
0x5ee484	TForm21_BitBtn1Click
0x5ee48c	TForm21_FormPaint
0x5ee740	TForm17_Button1Click
0x5eea60	TForm19_FormCreate
0x5ef174	TForm19_FormClose
0x5ef184	TForm19_grid1CellColoring
0x5ef208	TForm19_grid1CellFormating
0x5ef290	TForm19_XiButton1Click
0x5ef29c	TForm19_FormPaint
0x5ef5ec	TForm57_FormShow
0x5ef648	TForm57_FormPaint
0x5ef6b8	TForm57_FormKeyDown
0x5ef708	TForm57_XiButton2Click
0x5ef8b4	TForm57_FormCreate
0x5efc94	TForm57_FormClose
0x5efcec	TForm57_Timer1Timer
0x5f0250	TForm77_bt2Click
0x5f0530	TForm77_FormCreate
0x5f099c	TForm77_XiButton3Click
0x5f16b4	TForm77_FormShow
0x5f16e4	TForm77_gfindSelectCell
0x5f196c	TForm77_XiButton1Click
0x5f2134	TForm77_XiButton2Click
0x5f22b8	TForm77_gselSelectCell
0x5f22cc	TForm77_FormPaint
0x5f233c	TForm77_FormClose
0x5f5e80	TForm67_FormClose
0x5f5ec4	TForm67_bt2Click
0x5f7b54	TForm67_grid1CellColoring
0x5f7c18	TForm67_grid1CellFormating
0x5f9224	TForm67_cocorCellColoring
0x5f9234	TForm67_combo11Change
0x5f8a14	TForm67_addnaescalacao
0x5f88dc	TForm67_get_substituto
0x5f9388	TForm67_bt3Click
0x5fa184	TForm67_Timer1Timer
0x5fa1a8	TForm67_FormKeyDown
0x5fa1e4	TForm67_Button1Click
0x5fa254	TForm67_grid1KeyDown
0x5fa380	TForm67_combopaisChange
0x5fa3a8	TForm67_grid1Click
0x5fa4bc	TForm67_CombolibChange
0x5fa568	TForm67_FormCreate
0x5fabec	TForm67_FormPaint
0x5fac5c	TForm67_grid1SelectCell
0x5fb1e4	TForm67_Button2Click
0x5fb218	TForm67_Image4Click
0x5fb5d4	TForm38_FormCreate
0x5fb8d0	TForm38_Timer3Timer
0x5fb9ac	TForm38_Timer5Timer
0x5fba2c	TForm38_Timer1Timer
0x5fbf8c	TForm38_Timer2Timer
0x5fc170	TForm38_Timer4Timer
0x5fc24c	TForm38_FormClose
0x5fc27c	TForm38_FormKeyDown
0x5fc2a0	TForm38_FormPaint
0x5fc620	TForm37_FormCreate
0x5fc9a4	TForm37_XiButton2Click
0x5fcb38	TForm37_bt1Click
0x5fcccc	TForm37_btpClick
0x5fd184	TForm37_FormKeyDown
0x5fd1a8	TForm37_FormPaint
0x5fd498	TForm54_FormShow
0x5fd4dc	TForm54_FormPaint
0x5fd54c	TForm54_FormKeyDown
0x5fd558	TForm54_FormCreate
0x5fd8d8	TForm54_FormClose
0x5fd900	TForm54_Timer1Timer
0x5fd96c	TForm54_Timer2Timer
0x5fdfe4	TForm34_FormShow
0x5fe028	TForm34_FormPaint
0x5fe098	TForm34_FormClose
0x5fe0c0	TForm34_FormKeyDown
0x5fe0cc	TForm34_FormCreate
0x5fe940	TForm34_Timer2Timer
0x5fed90	TForm34_Timer1Timer
0x5fef00	TForm34_bt1Click
0x5ff2cc	TForm34_gridview1SelectCell
0x5ff620	TForm53_FormShow
0x5ff664	TForm53_FormPaint
0x5ff6d4	TForm53_FormCreate
0x60035c	TForm53_ListView1SelectItem
0x600364	TForm53_FormKeyDown
0x600370	TForm53_bt1Click
0x60046c	TForm53_FormClose
0x600494	TForm53_gridview1SelectCell
0x600f40	TForm88_FormClose
0x601f9c	TForm88_FormCreate
0x606968	TForm88_bt_irprojogoClick
0x606974	TForm88_FormPaint
0x6069e4	TForm88_nometime2Click
0x606ac4	TForm88_nometime1Click
0x600b44	TForm88_ImagecamisaMouseDown
0x6010a4	TForm88_ImagecamisaDragOver
0x600ff0	TForm88_ImagecamisaStartDrag
0x6010d8	TForm88_ImagecamisaEndDrag
0x6010ec	TForm88_ImagecamisaDragDrop
0x601f00	TForm88_labnumeroMouseDown
0x600ee4	TForm88_Image1DragOver
0x600ac0	TForm88_retorna_zone
0x600be0	TForm88_Image1DragDrop
0x603bb4	TForm88_stats
0x606ba4	TForm88_Image4Click
0x606bb0	TForm88_Button1Click
0x606bd4	TForm88_comboejChange
0x606c04	TForm88_combomarcChange
0x606c34	TForm88_combo_cataqChange
0x606c64	TForm88_FormKeyDown
0x60ef08	TForm46_FormClose
0x60ef1c	TForm46_FormKeyDown
0x61ab2c	TForm46_TimerlTimer
0x6247a4	TForm46_Button1Click
0x624a5c	TForm46_labeleClick
0x624a98	TForm46_Button3Click
0x624a9c	TForm46_FormPaint
0x624b0c	TForm46_labvn3Click
0x624b48	TForm46_FormCreate
0x624c40	TForm46_FormShow
0x625010	TForm12_FormClose
0x625014	TForm12_FormKeyDown
0x629644	TForm12_Timer1Timer
0x629694	TForm12_FormPaint
0x629704	TForm12_FormCreate
0x629c90	TForm11_FormClose
0x62a518	TForm11_FormCreate
0x62bea8	TForm11_l1Click
0x62ab84	TForm11_Edit1Change
0x62b984	TForm11_button1Click
0x62bd18	TForm11_FormKeyDown
0x62bd3c	TForm11_combo2Change
0x62bd78	TForm11_Button2Click
0x62be38	TForm11_FormPaint
0x62bf5c	TForm11_labvn2Click
0x62bf7c	TForm11_labvn3Click
0x62bf9c	TForm11_labvn4Click
0x62c380	TForm39_FormCreate
0x62c548	TForm39_FormShow
0x62c578	TForm39_FormPaint
0x62c5e8	TForm39_list1CellClick
0x62c83c	TForm39_XiButton1Click
0x62c860	TForm39_FormClose
0x62c884	TForm39_bt1Click
0x62ce74	TForm92_Image1MouseDown
0x62ce88	TForm92_FormClose
0x62ce8c	TForm92_FormPaint
0x62cf0c	TForm92_FormCreate
0x62d38c	TForm92_gridview1CellClick
0x62d4b8	TForm92_Button1Click
0x62d994	TForm92_Button2Click
0x62d9a0	TForm92_grClick
0x62da70	TForm92_Button3Click
0x62de94	TForm93_Image2Click
0x62dea0	TForm93_FormClose
0x62dea4	TForm93_FormPaint
0x62df24	TForm93_FormCreate
0x62e160	TForm93_ck_verjlibClick
0x62e1f0	TForm93_ck_verjligClick
0x62e280	TForm93_ck_verjafrClick
0x62e310	TForm93_ck_verjasiClick
0x62e3a0	TForm93_ck_dt1Click
0x62e42c	TForm93_ck_grlClick
0x62e4b0	TForm93_ck_greClick
0x62f324	TForm9_FormCreate
0x6303d8	TForm9_XiButton1Click
0x630424	TForm9_FormClose
0x630838	TForm9_XiButton2Click
0x630b80	TForm9_combo1Change
0x630da0	TForm9_FormPaint
0x630e10	TForm9_FormKeyDown
0x630e34	TForm9_ComboBox2Select
0x630e54	TForm9_rd2Click
0x630ee8	TForm9_rd1Click
0x630f88	TForm9_ckinter1Click
0x63101c	TForm9_list1CellClick
0x63112c	TForm9_ckinter2Click
0x6311a4	TForm9_XiButton3Click
0x631244	TForm9_Image2Click
0x63126c	TForm9_Image3Click
0x631294	TForm9_ComboBox1Change
0x63130c	TForm9_ckeurocopaClick
0x631380	TForm9_ckcopaamericaClick
0x6313f4	TForm9_ckestadualClick
0x631468	TForm9_ckcopamundoClick
0x6314dc	TForm9_ckcopaClick
0x631550	TForm9_list1HeaderClick
0x635ce0	TForm13_barraMouseMove
0x63c884	TForm13_FormCreate
0x63d8fc	TForm13_gridview1CellClick
0x63d928	TForm13_gridview1CellColoring
0x63da98	TForm13_gridview1CellFormating
0x63e794	TForm13_gridview1SelectCell
0x63e820	TForm13_gridview3CellFormating
0x63e888	TForm13_gridview2CellColoring
0x63e8ac	TForm13_gridview2CellFormating
0x63e914	TForm13_combtatClick
0x63e928	TForm13_comboejClick
0x63e92c	TForm13_combo_cataqClick
0x63e930	TForm13_combomarcClick
0x63e934	TForm13_barraMouseDown
0x63ec68	TForm13_FormKeyDown
0x63eed4	TForm13_SalvarClick
0x63eef8	TForm13_opcoesClick
0x63ef2c	TForm13_Sedemitir1Click
0x63efbc	TForm13_Label49Click
0x63f014	TForm13_Sairdojogo1Click
0x63f024	TForm13_Sobreojogo1Click
0x63f04c	TForm13_Finanas1Click
0x63f074	TForm13_Image9Click
0x63f09c	TForm13_Emprstimobancrio1Click
0x63f0c4	TForm13_MenuItem3Click
0x63f110	TForm13_RansfernciasJogadores1Click
0x63f144	TForm13_ltimascontrataesdetcnicos1Click
0x63f178	TForm13_Histricocompletodejogos1Click
0x63f1b8	TForm13_Label6Click
0x63f204	TForm13_Rankingdeclubes1Click
0x63f28c	TForm13_Alterarsalrio1Click
0x63f2bc	TForm13_Button1Click
0x63f2c0	TForm13_Venderjogador1Click
0x63f3e8	TForm13_Button4Click
0x63f77c	TForm13_btvenderClick
0x63f87c	TForm13_btalterasalClick
0x63f884	TForm13_btaposentaClick
0x63f96c	TForm13_Aposentarjogador1Click
0x63fa54	TForm13_PopupMenu1Popup
0x63fe78	TForm13_mn_seutimeClick
0x63feb0	TForm13_btjogaClick
0x640ba0	TForm13_MenuItem7Click
0x640c10	TForm13_mn_libClick
0x640c5c	TForm13_mn_sulClick
0x640ca8	TForm13_mn_copaClick
0x640d14	TForm13_Label323Click
0x640d3c	TForm13_Label20Click
0x640d80	TForm13_JogosAmistosos1Click
0x640da8	TForm13_PopupMenu7Popup
0x640e20	TForm13_Escolhernmero1Click
0x640f08	TForm13_HistricoJogos1Click
0x640ff4	TForm13_gridview1DblClick
0x6410f0	TForm13_PopupMenu3Popup
0x641134	TForm13_Label24Click
0x641164	TForm13_MenuItem5Click
0x64118c	TForm13_FormClose
0x641190	TForm13_Timer1Timer
0x6411bc	TForm13_gridview1HeaderClick
0x641340	TForm13_CancelarEmprstimo1Click
0x6414ac	TForm13_Comprarjogador1Click
0x641600	TForm13_Label53Click
0x641638	TForm13_Disponibilizarparaemprstimo1Click
0x64172c	TForm13_Retirardoemprstimo1Click
0x6417fc	TForm13_Label51Click
0x641824	TForm13_AdvSmoothToggleButton1Click
0x64184c	TForm13_btjogarClick
0x6418dc	TForm13_lb_infonextClick
0x641918	TForm13_Image13Click
0x641994	TForm13_lb_conf3MouseMove
0x64199c	TForm13_lb_conf3MouseLeave
0x6419a0	TForm13_lb_tecClick
0x6419f0	TForm13_Image4Click
0x641aa4	TForm13_Label23Click
0x641bbc	TForm13_FormShow
0x641bdc	TForm13_Button2Click
0x641c14	TForm13_abelaSulAmericana1Click
0x641c80	TForm13_mn_timerodadaClick
0x641cb4	TForm13_mn_timedoanoClick
0x641ce8	TForm13_mn_boladeouroClick
0x641d10	TForm13_PopupMenu4Popup
0x641d78	TForm13_mundiaisClick
0x641da0	TForm13_Button3Click
0x641da4	TForm13_Button5Click
0x641da8	TForm13_Button6Click
0x641dac	TForm13_Button7Click
0x641db0	TForm13_Campees1Click
0x641e38	TForm13_Artilheiros1Click
0x6421a8	TForm31_FormCreate
0x642510	TForm31_XiButton2Click
0x64251c	TForm31_FormShow
0x642560	TForm31_FormPaint
0x6425d0	TForm31_FormClose
0x6425d4	TForm31_FormKeyDown
0x65c0b8	TForm1_FormCreate
0x65e490	TForm1_FormClose
0x65e494	TForm1_FormKeyDown
0x65e49c	TForm1_FormShow
0x65e4e0	TForm1_Button1Click
0x65e4e4	TForm1_Label7Click
0x65e50c	TForm1_Image2MouseDown
0x65e700	TForm1_Image2MouseMove
0x65e83c	TForm1_HTMLabel1MouseMove
0x65e8c8	TForm1_HTMLabel1MouseLeave
0x65e9e8	TForm1_HTMLabel1Click
0x65eb1c	TForm1_FormActivate
0x65ee30	TForm1_comboi2Change
0x6607dc	TForm1_Shape1MouseDown
0x66086c	TForm1_Shape2MouseDown
0x66089c	TForm1_Shape3MouseDown
0x6608cc	TForm1_Shape4MouseDown
0x660904	TForm1_TntLabel1Click
