TForm10	21	Form10 | () | () | () | () | Label4 | Label4 | Label4 | Label4 | Label4 | X	Form10.OnClose=FormClose | Form10.OnCreate=FormCreate | Form10.OnShow=FormShow | bt3.OnClick=bt3Click | xibutton1.OnClick=XiButton1Click | btconstruir.OnClick=btconstruirClick
TForm11	23	Form11 | 1ª divisão | 3ª divisão | 4ª divisão | 2ª divisão | Registre já sua cópia em www.brasfoot.com | Na versão registrada você poderá escolher um time de qualquer divisão | Sem o registro você pode escolher times só da última divisão | Versão não registrada do BrasFoot | Seu nome: | Treinar time do país: | Nacionalidade: | Label10	Form11.OnClose=FormClose | Form11.OnCreate=FormCreate | Form11.OnKeyDown=FormKeyDown | Form11.OnPaint=FormPaint | labvn2.OnClick=labvn2Click | labvn3.OnClick=labvn3Click | labvn4.OnClick=labvn4Click | Edit1.OnChange=Edit1Change | combo1.OnChange=combo2Change | button1.OnClick=button1Click
TForm12	4	Form12 | Inicializando o jogo...	Form12.OnClose=FormClose | Form12.OnCreate=FormCreate | Form12.OnKeyDown=FormKeyDown | Form12.OnPaint=FormPaint | Timer1.OnTimer=Timer1Timer
TForm13	150	Form13 | Cyberfoot 2015 - www.cyberfoot.org | Registre sua cópia,  clique aqui | Label4 | Button3 | Button5 | Button6 | line-up | Finanças do Time | - | Empréstimo bancário | Propor contrato | - | Vender jogador | Aposentar jogador | - | Escolher número | - | Histórico do Jogador | - | Cancelar Empréstimo | Comprar jogador | - | Pôr para empréstimo | Não pôr para empréstimo | Salvar jogo | - | Opções | - | Pedir demissão | - | Sair do jogo | - | Sobre o jogo | Ranking de Técnicos | - | Adicionar/Remover ténicos | - | Últimas contratações de técnicos | Campeões | - | Artilheiros | - | Ranking de clubes | - | Transferências de Jogadores | - | Histórico completo de confrontos | - | Time da Rodada | - | Bola de Ouro | - | Time do Ano | - | Jogos do seu time | - | Tabela de jogos | - | Tabela Sul-Americana | - | Tabela Copa | - | 2ª fase - Competições internacionais | - | Jogos Amistosos	Form13.OnClose=FormClose | Form13.OnCreate=FormCreate | Form13.OnKeyDown=FormKeyDown | Form13.OnShow=FormShow | nova_barra.OnMouseDown=barraMouseDown | nova_barra.OnMouseMove=barraMouseMove | imgj.OnClick=Label323Click | Image9.OnClick=Image9Click | Label23.OnClick=Label23Click | Label24.OnClick=Label24Click | Image10.OnClick=Label51Click | lb_infonext.OnClick=lb_infonextClick | lb_tec.OnClick=lb_tecClick | lb_cores.OnClick=Label51Click | labmoney.OnClick=Image9Click | label32.OnClick=Label323Click | Image13.OnClick=Image13Click | icon_arbitro.OnClick=Label20Click | lb_conf1.OnClick=lb_infonextClick | lb_conf2.OnClick=lb_infonextClick | lb_conf3.OnClick=Label6Click | lb_conf3.OnMouseMove=lb_conf3MouseMove | lb_conf3.OnMouseLeave=lb_conf3MouseLeave | lb_conf4.OnClick=lb_infonextClick | lb_conf4.OnMouseMove=lb_conf3MouseMove | lb_conf4.OnMouseLeave=lb_conf3MouseLeave | lb_conft1.OnClick=Label49Click | lb_conft1.OnMouseMove=lb_conf3MouseMove | lb_conft1.OnMouseLeave=lb_conf3MouseLeave | lb_conft2.OnClick=Label49Click | lb_conft2.OnMouseMove=lb_conf3MouseMove | lb_conft2.OnMouseLeave=lb_conf3MouseLeave | lb_infojog.OnClick=lb_infonextClick | lb_infojogn.OnClick=lb_infonextClick | Image4.OnClick=Image4Click | Button1.OnClick=Button1Click | Button2.OnClick=Button2Click | Button3.OnClick=Button3Click | Button5.OnClick=Button5Click | Button6.OnClick=Button6Click | Button7.OnClick=Button7Click | gridview1.OnCellClick=gridview1CellClick | gridview1.OnCellColoring=gridview1CellColoring | gridview1.OnDblClick=gridview1DblClick | gridview1.OnHeaderClick=gridview1HeaderClick | gridview1.OnSelectCell=gridview1SelectCell | gridview1.OnCellFormating=gridview1CellFormating | btvender.OnClick=btvenderClick | btalterasal.OnClick=btalterasalClick | btaposenta.OnClick=btaposentaClick | Button4.OnClick=Button4Click | btjogar.OnClick=btjogarClick | Finanas1.OnClick=Finanas1Click | Emprstimobancrio1.OnClick=Emprstimobancrio1Click | PopupMenu1.OnPopup=PopupMenu1Popup | Alterarsalrio1.OnClick=Alterarsalrio1Click | Venderjogador1.OnClick=Venderjogador1Click | Aposentarjogador1.OnClick=Aposentarjogador1Click | Escolhernmero1.OnClick=Escolhernmero1Click | HistricoJogos1.OnClick=HistricoJogos1Click | CancelarEmprstimo1.OnClick=CancelarEmprstimo1Click | Comprarjogador1.OnClick=Comprarjogador1Click | Disponibilizarparaemprstimo1.OnClick=Disponibilizarparaemprstimo1Click | Retirardoemprstimo1.OnClick=Retirardoemprstimo1Click | Salvar.OnClick=SalvarClick | opcoes.OnClick=opcoesClick | Sedemitir1.OnClick=Sedemitir1Click | Sairdojogo1.OnClick=Sairdojogo1Click | Sobreojogo1.OnClick=Sobreojogo1Click | PopupMenu3.OnPopup=PopupMenu3Popup | MenuItem3.OnClick=MenuItem3Click | MenuItem5.OnClick=MenuItem5Click | ltimascontrataesdetcnicos1.OnClick=ltimascontrataesdetcnicos1Click | PopupMenu4.OnPopup=PopupMenu4Popup | Campees1.OnClick=Campees1Click | Artilheiros1.OnClick=Artilheiros1Click | Rankingdeclubes1.OnClick=Rankingdeclubes1Click | RansfernciasJogadores1.OnClick=RansfernciasJogadores1Click | Histricocompletodejogos1.OnClick=Histricocompletodejogos1Click | mn_timerodada.OnClick=mn_timerodadaClick | mn_boladeouro.OnClick=mn_boladeouroClick | mn_timedoano.OnClick=mn_timedoanoClick | PopupMenu7.OnPopup=PopupMenu7Popup | mn_seutime.OnClick=mn_seutimeClick | MenuItem7.OnClick=MenuItem7Click | mn_sul.OnClick=abelaSulAmericana1Click | mn_copa.OnClick=mn_copaClick | mn_lib.OnClick=mn_libClick | JogosAmistosos1.OnClick=JogosAmistosos1Click | Timer1.OnTimer=Timer1Timer
TForm14	60	Form14 | Selecione o time: | Dinheiro em caixa do seu time | Label22 | Você pode ter no máximo 2 jogadores emprestados no seu time. | Você pode ter no máximo 2 jogadores emprestados no seu time. | Label4 | Técnico: | Reputação: | colocacao | CD: | CT: | colocacao | X | Histórico de jogos	Form14.OnClose=FormClose | Form14.OnCreate=FormCreate | Form14.OnKeyDown=FormKeyDown | Form14.OnPaint=FormPaint | Image8.OnClick=Image8Click | Image8.OnMouseDown=Image8MouseDown | Image8.OnMouseMove=Image8MouseMove | Label3.OnClick=Label3Click | Image2.OnClick=bt3Click | Image13.OnClick=Image13Click | Image4.OnClick=Image4Click | XiButton2.OnClick=XiButton2Click | NextGrid1.OnSelectCell=NextGrid1SelectCell | joglist.OnCellColoring=joglistCellColoring | joglist.OnDblClick=joglistDblClick | joglist.OnSelectCell=joglistSelectCell | joglist.OnCellFormating=joglistCellFormating | bt4.OnClick=bt4Click | bt1.OnClick=bt1Click | bt2.OnClick=bt2Click | bt3.OnClick=bt3Click | Histricodejogos1.OnClick=Histricodejogos1Click | vendej.OnAnchorClick=vendejAnchorClick
TForm15	19	teste1 | teste2 | x	Form15.OnClose=FormClose | Form15.OnCreate=FormCreate | Form15.OnKeyDown=FormKeyDown | Form15.OnPaint=FormPaint | Form15.OnShow=FormShow | Gridview1.OnCellColoring=Gridview1CellColoring | bt3.OnClick=bt3Click
TForm16	15	Form16 | X | >> | <<	Form16.OnClose=FormClose | Form16.OnCreate=FormCreate | Form16.OnPaint=FormPaint | XiButton1.OnClick=XiButton1Click | XiButton2.OnClick=XiButton2Click | XiButton3.OnClick=XiButton3Click | gridview1.OnDblClick=gridview1DblClick
TForm17	5	Form17 | Brasfoot 2010 | O seu sistema está usando fontes grandes, o que deixará as telas do jogo cortadas. | Vá em propriedades de vídeo do Windows e mude a fonte para normal 96 DPI, e reinicie o computador para jogar. | OK	Button1.OnClick=Button1Click
TForm18	18	d | Mostrar: | X	Form18.OnClose=FormClose | Form18.OnCreate=FormCreate | Form18.OnKeyDown=FormKeyDown | Form18.OnPaint=FormPaint | Form18.OnShow=FormShow | list1.OnCellColoring=list1CellColoring | list1.OnDblClick=list1DblClick | list1.OnSortColumn=list1SortColumn | list1.OnCellFormating=list1CellFormating | bt3.OnClick=bt3Click | combo1.OnChange=combo1Change
TForm19	11	Form19 | Label1 | Label4 | X	Form19.OnClose=FormClose | Form19.OnCreate=FormCreate | Form19.OnPaint=FormPaint | grid1.OnCellColoring=grid1CellColoring | grid1.OnCellFormating=grid1CellFormating | XiButton1.OnClick=XiButton1Click
TForm1	13	Cyberfoot 2015 | Select your language: | SAIR | Button1	Form1.OnActivate=FormActivate | Form1.OnClose=FormClose | Form1.OnCreate=FormCreate | Form1.OnKeyDown=FormKeyDown | Form1.OnShow=FormShow | Image2.OnMouseDown=Image2MouseDown | Image2.OnMouseMove=Image2MouseMove | TntLabel1.OnClick=TntLabel1Click | Shape1.OnMouseDown=Shape1MouseDown | Shape2.OnMouseDown=Shape2MouseDown | Shape3.OnMouseDown=Shape3MouseDown | Shape4.OnMouseDown=Shape4MouseDown | Button1.OnClick=Button1Click | comboi2.OnChange=comboi2Change
TForm20	17	Form20 | mostrando apenas os 100 primeiros, para mostrar todos | X	Form20.OnClose=FormClose | Form20.OnCreate=FormCreate | Form20.OnKeyDown=FormKeyDown | Form20.OnPaint=FormPaint | Label4.OnClick=Label1Click | combo2.OnChange=combo2Change | t1.OnCellColoring=t1CellColoring | t1.OnDblClick=t1DblClick | XiButton1.OnClick=XiButton1Click | combopais.OnChange=combopaisChange | combo1.OnChange=combo1Select
TForm21	16	Carregar jogo | Técnico: | Técnico: | Time: | Técnico: | Próximo Jogo: | Técnico: | Label4 | Apagar  | Cancelar | Carregar	Form21.OnActivate=FormCreate | Form21.OnClose=FormClose | Form21.OnPaint=FormPaint | Form21.OnShow=FormShow | BitBtn3.OnClick=BitBtn3Click | BitBtn2.OnClick=BitBtn2Click | BitBtn1.OnClick=BitBtn1Click | grid1.OnSelectCell=grid1SelectCell
TForm22	40	Form22 | Entradas: | Ingressos...........: | Venda jogadores: | Prêmios..............: | Sub-total: | Saídas: | Compra jogadores: | Estádio................: | Salários...............: | Sub-total: | Empréstimo........: | Juros empréstimo: | Saldo: | 0 | 0 | 0 | 0 | 0 | 0 | 0 | 0 | 0 | 0 | 0 | Salário semanal: | Dinheiro em caixa: | $0 | $0 | Juros semanais: | $0 | Patrocínio e Sócio Torcedor..: | 0 | Multa rescisão....: | 0 | Diversos.............: | 0 | X	Form22.OnClose=FormClose | Form22.OnCreate=FormCreate | Form22.OnKeyDown=FormKeyDown | Form22.OnPaint=FormPaint | Form22.OnShow=FormShow | XiButton2.OnClick=XiButton2Click
TForm23	49	Form23 | Time | Nome | Z | Força: | 0 | Principal característica: | ------ | 0 | Idade: | Energia: | pais | Salário: | 0 | Jogos: | 0 | Status: | Preço inicial: | 0 | 0 | 0 | 0 | 0 | Dinheiro em caixa: | Venda de jogador em leilão | Default | Faça aqui sua oferta em milhares de $, por exemplo: 300 equivale à 300 mil, 1200 à 1 milhão e duzentos etc | Sua oferta: | Valor maior que seu dinheiro em caixa | Técnico | Saldo negativo, seu lance foi 0. | chbutton1 | resultado | Label16	Form23.OnClose=FormClose | Form23.OnCreate=FormCreate | Form23.OnKeyDown=FormKeyDown | Form23.OnPaint=FormPaint | Edit1.OnChange=Edit1Change | chbutton1.OnClick=CHButton1Click | Timer1.OnTimer=Timer1Timer | Timer2.OnTimer=Timer2Timer
TForm24	14	Form24 | Novo salário: | Salário atual: | $0 | Nome | Contrato por: | Contrato termina em:	Form24.OnClose=FormClose | Form24.OnCreate=FormCreate | Form24.OnKeyDown=FormKeyDown | Form24.OnPaint=FormPaint | Form24.OnShow=FormShow | Edit1.OnChange=Edit1Change | UpDown1.OnClick=UpDown1Click | CHButton1.OnClick=CHButton1Click | bt3.OnClick=bt3Click
TForm25	8	Form25 | 0 | Label4	Form25.OnClose=FormClose | Form25.OnCreate=FormCreate | Form25.OnKeyDown=FormKeyDown | Form25.OnPaint=FormPaint | Form25.OnShow=FormShow | button1.OnClick=button1Click | button2.OnClick=button2Click | Timer1.OnTimer=Timer1Timer
TForm26	17	Form26	Form26.OnClose=FormClose | Form26.OnCreate=FormCreate | Form26.OnKeyDown=FormKeyDown | Form26.OnPaint=FormPaint | Form26.OnShow=FormShow | gridc.OnCellFormating=gridcCellFormating | gridi.OnCellFormating=gridiCellFormating | combopais.OnChange=combopaisChange | TntBitBtn1.OnClick=bttimeanoClick | bt3.OnClick=bt3Click | Timer1.OnTimer=Timer1Timer
TForm27	53	Form27 | Valor: | Idade: | Caract. 2: | Nacionalidade: | Posição: | Força: | (deixe em branco para qualquer) | Caract.1: | Nome: | Lado: | Só mostrar jogadores à venda | Só mostrar jogadores atuando no(a): | Só mostrar jogadores com estrela | Só mostrar disponíveis para empréstimo | /	Form27.OnClose=FormClose | Form27.OnCreate=FormCreate | Form27.OnKeyDown=FormKeyDown | Form27.OnPaint=FormPaint | Form27.OnShow=FormShow | Image4.OnClick=Image4Click | gfind.OnCellColoring=gfindCellColoring | gfind.OnDblClick=gfindDblClick | gfind.OnHeaderClick=gfindHeaderClick | gfind.OnSortColumn=gfindSortColumn | button2.OnClick=button2Click
TForm28	12	Form28 | Dinheiro em caixa: | 0 | Valor já emprestado: | Juros semanais: | $ 0 | $ 0 | X	Form28.OnClose=FormClose | Form28.OnCreate=FormCreate | Form28.OnKeyDown=FormKeyDown | Form28.OnPaint=FormPaint | Form28.OnShow=FormShow | bt3.OnClick=bt3Click | bt2.OnClick=bt2Click | bt1.OnClick=bt1Click
TForm29	14	Form29 | Ver: | X | ss | ss | ss | ss | ss	Form29.OnClose=FormClose | Form29.OnCreate=FormCreate | Form29.OnKeyDown=FormKeyDown | Form29.OnPaint=FormPaint | Form29.OnShow=FormShow | XiButton1.OnClick=XiButton1Click | combo1.OnChange=combo1Select
TForm2	7	Form2 | Total de Equipes: | 0 | Editor de Equipes | Carregando equipes...	Form2.OnClose=FormClose | Form2.OnCreate=FormCreate | Form2.OnKeyDown=FormKeyDown | Form2.OnPaint=FormPaint | Form2.OnShow=FormShow | Timer1.OnTimer=Timer1Timer
TForm30	20	Form30 | Você foi convidado pelos seguintes clubes para ser técnico: | Convite para ser técnico | Emmanuel dos Santos | Você foi convidado pelos seguintes clubes para ser técnico:	Form30.OnClose=FormClose | Form30.OnCreate=FormCreate | Form30.OnKeyDown=FormKeyDown | Form30.OnPaint=FormPaint | Form30.OnShow=FormShow | r1.OnClick=r1Click | r2.OnClick=r1Click | r3.OnClick=r1Click | r4.OnClick=r1Click | bt3.OnClick=bt3Click | XiButton1.OnClick=XiButton1Click | bt2.OnClick=bt2Click
TForm31	11	Form31 | Demitido! | Espere agora que outro time resolva contrata-lo. | A | Emmanuel dos Santos, o Cruzeiro resolveu lhe demitir, a pressão da torcida foi grande pois seus resultados não estavam sendo bons. | Para seu lugar foi contratado | OK	Form31.OnClose=FormClose | Form31.OnCreate=FormCreate | Form31.OnKeyDown=FormKeyDown | Form31.OnPaint=FormPaint | Form31.OnShow=FormShow | xibutton2.OnClick=XiButton2Click
TForm32	51	Form32 | Velocidade do Jogo: | Salvar automaticamente: | Opções | Ver disputas de penaltys não humanas: | Velocidade do jogo sem times humanos: | Mostrar mudança de técnicos: | Cores e sons | Abrir janela de substituições no intervalo: | Receber avisos de término de contratos: | Visualização ligas | Marque as ligas em que os jogos serão mostrados mesmo que não tenham times humanos: | Libertadores: | Liga Campeões: | Liga Africana: | Liga Asiática: | Atualizar automaticamente contratos encerrados | Usar sons nos eventos do jogo | Usar cores na lista de jogadores | Mostrar em negrito os eventos do time da casa | Cor diferente no placar com jogos humanos:	Form32.OnClose=FormClose | Form32.OnCreate=FormCreate | Form32.OnKeyDown=FormKeyDown | Form32.OnPaint=FormPaint | Form32.OnShow=FormShow | Image1.OnClick=Image1Click | Image2.OnClick=XiButton2Click | c1d.OnMouseDown=c1dMouseDown | c2d.OnMouseDown=c2dMouseDown | c3d.OnMouseDown=c3dMouseDown | cksom.OnClick=cksomClick | cknegrito.OnClick=cknegritoClick | ckcor.OnClick=ckcorClick | list1.OnCellClick=list1CellClick | ckcontrato.OnClick=ckcontratoClick | chdestaque.OnClick=chdestaqueClick | ComboBox2.OnChange=ComboBox2Select | ComboBox1.OnChange=ComboBox1Select | ComboBox4.OnChange=ComboBox4Select | combobox7.OnChange=ComboBox7Select | combobox6.OnChange=ComboBox6Select | combobox5.OnChange=ComboBox5Select | ComboBox3.OnChange=ComboBox3Select | combo42.OnChange=combo42Select | combo41.OnChange=combo41Select | combo61.OnChange=combo61Select | combo62.OnChange=combo62Select
TForm33	3	Form33 | Button1	Button1.OnClick=Button1Click
TForm34	17	Form34	Form34.OnClose=FormClose | Form34.OnCreate=FormCreate | Form34.OnKeyDown=FormKeyDown | Form34.OnPaint=FormPaint | Form34.OnShow=FormShow | bt1.OnClick=bt1Click | gridview1.OnSelectCell=gridview1SelectCell | Timer1.OnTimer=Timer1Timer | Timer2.OnTimer=Timer2Timer
TForm35	454	Form35 | Tabela Copa do Brasil | 1 | 18 | 15 | 20 | 13 | 22 | 11 | 24 | 9 | 26 | 7 | 28 | 5 | 30 | 3 | 2 | 31 | 16 | 17 | 14 | 19 | 12 | 21 | 10 | 23 | 8 | 25 | 6 | 27 | 4 | 29 | campeão | 32 | 0x0 | 0x0 | 0x0 | 0x0 | 0x0 | 0x0 | 0x0 | 0x0 | 1 | 18 | 15 | 20 | 13 | 22 | 11 | 24 | 9 | 26 | 7 | 28 | 5 | 30 | 3 | 2 | 31 | 16 | 17 | 14 | 19 | 12 | 21 | 10 | 23 | 8 | 25 | 6 | 27 | 4 | 29 | 32 | Copa do Brasil Fase Preliminar | << fase preliminar	Form35.OnClose=FormClose | Form35.OnCreate=FormCreate | Form35.OnKeyDown=FormKeyDown | Form35.OnPaint=FormPaint | Form35.OnShow=FormShow | Label3.OnClick=Label3Click | Image1.OnClick=Image1Click | combopais.OnChange=combopaisChange
TForm36	35	form36 | lab1 | lab1 | lab1 | lab1 | lab1 | lab1 | lab1 | lab1 | lab1 | btteste	Form36.OnClose=FormClose | Form36.OnCreate=FormCreate | Form36.OnKeyDown=FormKeyDown | Form36.OnPaint=FormPaint | Form36.OnShow=FormShow | Image8.OnClick=Image8Click | Image1.OnClick=Image1Click | Image2.OnClick=Image2Click | Image3.OnClick=Image3Click | Image4.OnClick=Image4Click | Image6.OnClick=Image6Click | Image7.OnClick=Image7Click | Image5.OnClick=Image5Click | Image9.OnClick=Image9Click | Image10.OnClick=Image10Click | Image11.OnClick=Image11Click | Image12.OnClick=Image12Click | lab1.OnClick=Image1Click | lab3.OnClick=Image3Click | lab4.OnClick=Image4Click | lab5.OnClick=Image5Click | lab6.OnClick=Image6Click | lab7.OnClick=Image7Click | ld1.OnClick=Image9Click | ld2.OnClick=Image10Click | ld3.OnClick=Image11Click | btteste.OnClick=bttesteClick
TForm37	19	Form37 | Desempate por penaltis - Escolha dos batedores | Jogadores disponíveis: | Batedores na ordem: |  >>	Form37.OnCreate=FormCreate | Form37.OnKeyDown=FormKeyDown | Form37.OnPaint=FormPaint | XiButton2.OnClick=XiButton2Click | btp.OnClick=btpClick | bt1.OnClick=bt1Click
TForm38	20	Form38 | Nome time 1 | Nome time 2 | 0 | 0 | Batedor: | Batedor: | Decisão por Penaltis	Form38.OnClose=FormClose | Form38.OnCreate=FormCreate | Form38.OnKeyDown=FormKeyDown | Form38.OnPaint=FormPaint | Timer1.OnTimer=Timer1Timer | Timer2.OnTimer=Timer2Timer | Timer3.OnTimer=Timer3Timer | Timer4.OnTimer=Timer4Timer | Timer5.OnTimer=Timer5Timer
TForm39	24	Form39 | Selecione os países que vão participar do campeonato: | (o limite para este campeonato é de 1000 clubes, alguns clubes selecionados não serão incluídos) | Campeonato personalizado | (neste tipo de camp. só é disputado a liga e a copa nacional) | Sistema de disputa: | Países com times: | Países selecionados: | 0 | 0 | Times selecionados: | 0 | << Voltar | Continuar >> | Jogar Copa de clubes	Form39.OnClose=FormClose | Form39.OnCreate=FormCreate | Form39.OnPaint=FormPaint | Form39.OnShow=FormShow | XiButton1.OnClick=XiButton1Click | list1.OnCellClick=list1CellClick | bt1.OnClick=bt1Click
TForm3	84	1 | 25 jogadores | 0 | Estádio: | Estádio: | Tecnico | Estadio: | Nome Completo | Nome abreviado | Pais | Pais | 0 | Nível inicial: | Estádio: | Estadio: | save all | reseta ids | Procurar time: | Procurar jogador: | Mostrar times: | Sem Camisa | Sem Escudo | Jogadores duplicados | Adicionar jogador | Deletar Jogador | - | Editar Jogador | - | Transferir jogador | Adicionar Equipe | Editar Equipe | - | Excluir Equipe	Form3.OnClose=FormClose | Form3.OnCreate=FormCreate | Form3.OnKeyDown=FormKeyDown | IMGP.OnClick=IMGPClick | IMGJ.OnClick=IMGJClick | TntLabel1.OnClick=IMGPClick | TntLabel2.OnClick=IMGJClick | Label6.OnClick=Label6Click | Label11.OnClick=Label6Click | Label1.OnClick=Label6Click | Label4.OnClick=Label6Click | Image3.OnClick=Label6Click | Image1.OnMouseDown=Image1MouseDown | Label8.OnClick=Label6Click | Label3.OnClick=Label3Click | Image13.OnMouseDown=Image1MouseDown | Image14.OnMouseDown=Image1MouseDown | Image5.OnMouseDown=Image1MouseDown | Label20.OnClick=Label6Click | Grid1.OnCellClick=Grid1CellClick | Grid1.OnCellColoring=Grid1CellColoring | Grid1.OnDblClick=Grid1DblClick | Grid1.OnKeyDown=Grid1KeyDown | Grid1.OnMouseDown=Grid1MouseDown | gridselecoes.OnCellColoring=gridtimesCellColoring | gridselecoes.OnDblClick=gridtimesDblClick | gridselecoes.OnSelectCell=gridselecoesSelectCell | gridselecoes.OnCellFormating=gridtimesCellFormating | Button1.OnClick=Button1Click | bt1.OnClick=Image5Click | AdvGlowButton1.OnClick=Image6Click | AdvGlowButton2.OnClick=Image7Click | AdvGlowButton3.OnClick=Image10Click | AdvGlowButton4.OnClick=Image11Click | AdvGlowButton5.OnClick=Image12Click | Edit1.OnChange=Edit1Change | Edit2.OnChange=Edit2Change | btpj.OnClick=btpjClick | btpt.OnClick=Button4Click | Button3.OnClick=Button3Click | Button2.OnClick=Button2Click | btdup.OnClick=btdupClick | gridtimes.OnCellColoring=gridtimesCellColoring | gridtimes.OnDblClick=gridtimesDblClick | gridtimes.OnHeaderClick=gridtimesHeaderClick | gridtimes.OnKeyDown=gridtimesKeyDown | gridtimes.OnSelectCell=gridtimesSelectCell | gridtimes.OnSortColumn=gridtimesSortColumn | gridtimes.OnCellFormating=gridtimesCellFormating | nivel.OnButtonClick=nivelButtonClick | xbt2.OnClick=xbt2Click | xbt2.OnDragDrop=xbt2DragDrop | xbt2.OnDragOver=xbt2DragOver | xbt1.OnClick=xbt1Click | TntBitBtn5.OnClick=AdvGlowButton7Click | TntBitBtn4.OnClick=AdvGlowButton6Click | Adicionarjogador1.OnClick=Adicionarjogador1Click | DeletarJogador1.OnClick=DeletarJogador1Click | EditarJogador1.OnClick=EditarJogador1Click | ransferirjogador1.OnClick=ransferirjogador1Click
TForm40	5	Salvar | Label4 | Label4	Form40.OnClose=FormClose | Form40.OnCreate=FormCreate | Form40.OnKeyDown=FormKeyDown | Form40.OnShow=FormShow | Edit1.OnChange=Edit1Change | bt1.OnClick=bt1Click
TForm41	4	Confirmação | Label4	Form41.OnClose=FormClose | Form41.OnCreate=FormCreate | Form41.OnKeyDown=FormKeyDown | Form41.OnShow=FormShow | bt1.OnClick=BitBtn1Click | TntBitBtn1.OnClick=BitBtn2Click
TForm42	25	Nome: | Código: | Após o registro será enviado o seu código pessoal, você deve digitá-lo abaixo: | O registro pode ser feito por depósito bancário, boleto bancário ou cartão de crédito em transferências seguras. Após o registro você receberá por email o nome e código para ser digitado abaixo.  | Para fazer o registro acesse o site do jogo: | www.cyberfoot.org | Além disso, com o jogo registado você pode: | - Acesso à área de sócios para adicionar mais ligas, logos, etc |  - Poderá jogar com mais de um técnico humano | - Iniciar o jogo com uma equipa de qualquer divisão |  - Jogar os campeonatos de seleções: Copa do Mundo, Eurocopa, Copa América |  - Jogar a Copa Sul-Americana (ou Liga UEFA) |  - Fazer proposta de compra para qualquer jogador, mesmo se ele não estiver a venda |  - Velocidades de jogo Hiper-rápido para jogos humanos e Ultrasonico para jogos não humanos | O registo do jogo ajuda-nos a continuar o desenvolvimento de novas versões e você ganha acesso à área de sócios no nosso site.	Form42.OnClose=FormClose | Form42.OnCreate=FormCreate | Form42.OnKeyDown=FormKeyDown | Form42.OnPaint=FormPaint | Form42.OnShow=FormShow | Label10.OnClick=XiButton1Click | Image1.OnClick=Image1Click | xibutton2.OnClick=XiButton2Click
Tform43	7	Selecione o arquivo | Prévia | Cancelar | OK	form43.OnActivate=FormActivate | form43.OnClose=FormClose | form43.OnShow=FormShow | list1.OnSelectItem=list1SelectItem | BitBtn2.OnClick=BitBtn2Click | BitBtn1.OnClick=BitBtn1Click
TForm44	21	Form44 | Label3 | 12% do valor total | Label4 | Label4 | Label4 | Label4 | Label4 | Label4 | Label4 | Label4 | Label4 | Label4 | Label4	Form44.OnClose=FormClose | Form44.OnCreate=FormCreate | Form44.OnPaint=FormPaint | Form44.OnShow=FormShow | Edit1.OnChange=Edit1Change | ck1.OnClick=ck1Click | ck2.OnClick=ck1Click | Edit2.OnChange=Edit2Change | XiButton1.OnClick=XiButton1Click | bt1.OnClick=bt1Click
TForm45	8	Form45 | Cyberfoot 2015 | Cópia não registrada! | Cyberfoot is the international version of the game Brasfoot. | www.cyberfoot.org | X	Form45.OnClose=FormClose | Form45.OnCreate=FormCreate | Form45.OnKeyDown=FormKeyDown | Form45.OnShow=FormShow | Label4.OnClick=Label4Click | Label10.OnClick=Label4Click | XiButton2.OnClick=XiButton2Click
TForm46	20	Form46 | '' | 0' | lcamp	Form46.OnClose=FormClose | Form46.OnCreate=FormCreate | Form46.OnKeyDown=FormKeyDown | Form46.OnPaint=FormPaint | Form46.OnShow=FormShow | labvn2.OnClick=labvn3Click | labvn3.OnClick=labvn3Click | labvn4.OnClick=labvn3Click | Button1.OnClick=Button1Click | Timerl.OnTimer=TimerlTimer
TForm47	28	Form47 | Galeria de troféus | Label4 | Label4 | << | >>	Form47.OnClose=FormClose | Form47.OnCreate=FormCreate | Form47.OnPaint=FormPaint | Form47.OnShow=FormShow | Image2.OnClick=Image2Click | Label4.OnClick=Label4Click | gridview1.OnCellColoring=gridview1CellColoring | gridview1.OnSelectCell=gridview1SelectCell | gridview1.OnCellFormating=gridview1CellFormating | XiButton3.OnClick=XiButton3Click | XiButton1.OnClick=XiButton1Click | combopais.OnChange=combopaisClick
TForm48	13	Form48 |  jogador | Ao aposentar um jogador você ganha a oportunidade de receber um novo jogador na Academia de Juniores do seu time. Você pode escolher a posição e como será chamado o novo jogador.  | Se não houver vaga nos Juniores, ele será promovido ao time principal. | Como será o nome ou apelido do jogador: | Posição: | (deixe em branco se quiser que o jogo escolha o nome)	Form48.OnClose=FormClose | Form48.OnCreate=FormCreate | Form48.OnPaint=FormPaint | Form48.OnShow=FormShow | Image1.OnClick=Image1Click | XiButton1.OnClick=XiButton1Click
TForm49	10	Form49 | Atenção | Atenção | Esta querendo comprar o jogador por $10000000 | Deseja vende-lo por este preço? | Atenção	Form49.OnClose=FormClose | Form49.OnCreate=FormCreate | Form49.OnKeyDown=FormKeyDown | Form49.OnPaint=FormPaint | Form49.OnShow=FormShow | bt1.OnClick=bt1Click | bt2.OnClick=bt2Click
TForm4	27	Form4 | Label4 | Label4 | Label4 | Label4 | Label4 | Label4 | Label4 | Label4 | Label4 | Label4 | Label4 | Ok | Cancel	Form4.OnActivate=FormActivate | Form4.OnClose=FormClose | Form4.OnCreate=FormCreate | Form4.OnKeyDown=FormKeyDown | Form4.OnShow=FormShow | Shape1.OnMouseDown=Shape1MouseDown | Shape2.OnMouseDown=Shape2MouseDown | Edit1.OnChange=Edit1Change | Edit2.OnChange=Edit2Change | Edit3.OnChange=Edit3Change | ComboBox1.OnSelect=ComboBox1Select | BitBtn1.OnClick=BitBtn1Click | BitBtn2.OnClick=BitBtn2Click | Edit4.OnChange=Edit4Change | estadocombo.OnChange=estadocomboChange | Edit6.OnChange=Edit6Change | combo1.OnChange=combo1Select | combobox2.OnChange=combobox2Change
TForm50	12	Label4	Form50.OnClose=FormClose | Form50.OnCreate=FormCreate | Form50.OnPaint=FormPaint | Form50.OnShow=FormShow | Image2.OnClick=Image2Click | bt1.OnClick=bt1Click | bt2.OnClick=bt2Click
TForm51	6	Nome do novo técnico: | Nacionalidade: | OK	Form51.OnClose=FormClose | Form51.OnCreate=FormCreate | Form51.OnKeyDown=FormKeyDown | Form51.OnShow=FormShow | Edit1.OnChange=Edit1Change | bt2.OnClick=bt2Click
TForm52	32	Form52 | Fechar >>	Form52.OnClose=FormClose | Form52.OnCreate=FormCreate | Form52.OnPaint=FormPaint | bck1.OnClick=nometime1Click | bck2.OnClick=nometime1Click | f52esc2.OnClick=nometime1Click | f52esc1.OnClick=nometime1Click | nometime2.OnClick=nometime2Click | HTMLabel1.OnClick=HTMLabel1Click | nometime1.OnClick=nometime1Click | bt_irprojogo.OnClick=bt_irprojogoClick
TForm53	15	Form53 | Jogador | Selecione o jogador para substituí-lo: | OK	Form53.OnClose=FormClose | Form53.OnCreate=FormCreate | Form53.OnKeyDown=FormKeyDown | Form53.OnPaint=FormPaint | Form53.OnShow=FormShow | bt1.OnClick=bt1Click | gridview1.OnSelectCell=gridview1SelectCell
TForm54	7	Form54	Form54.OnClose=FormClose | Form54.OnCreate=FormCreate | Form54.OnKeyDown=FormKeyDown | Form54.OnPaint=FormPaint | Form54.OnShow=FormShow | Timer1.OnTimer=Timer1Timer | Timer2.OnTimer=Timer2Timer
TForm55	23	Form55 | Títulos: | Títulos: | Retrospecto	Form55.OnClose=FormClose | Form55.OnCreate=FormCreate | Form55.OnKeyDown=FormKeyDown | Form55.OnPaint=FormPaint | Form55.OnShow=FormShow | Image2.OnClick=Image2Click | Grid.OnCellColoring=GridCellColoring
TForm57	13	Form57 | Demissões na rodada! | OK  >>>	Form57.OnClose=FormClose | Form57.OnCreate=FormCreate | Form57.OnKeyDown=FormKeyDown | Form57.OnPaint=FormPaint | Form57.OnShow=FormShow | xibutton2.OnClick=XiButton2Click | Timer1.OnTimer=Timer1Timer
TForm58	14	Form58 | Label4 | X	Form58.OnClose=FormClose | Form58.OnCreate=FormCreate | Form58.OnKeyDown=FormKeyDown | Form58.OnPaint=FormPaint | Form58.OnShow=FormShow | bt3.OnClick=bt3Click | Gridview1.OnCellColoring=Gridview1CellColoring | combopais.OnChange=combopaisChange
TForm59	8	Label4 | Label4 | Atenção | Label4	Form59.OnClose=FormClose | Form59.OnCreate=FormCreate | Form59.OnKeyDown=FormKeyDown | Form59.OnShow=FormShow | bt3.OnClick=bt3Click | xibutton1.OnClick=XiButton1Click
TForm5	20	Form5 | 25 | Label4 | Label4 | Label4 | Label4 | Label4 | Label4 | Label4 | Estrela | OK | Cancel	Form5.OnActivate=FormActivate | Form5.OnClose=FormClose | Form5.OnCreate=FormCreate | Form5.OnKeyDown=FormKeyDown | Form5.OnShow=FormShow | BitBtn1.OnClick=BitBtn1Click | BitBtn2.OnClick=BitBtn2Click | TrackBar1.OnChange=TrackBar1Change | combobox1.OnChange=ComboBox1Change | combo1.OnKeyDown=combo1KeyDown
TForm60	13	Form60 | Nome | $100 000 000 | Label4 | Label4 | ---- | Label4 | Label4	Form60.OnClose=FormClose | Form60.OnCreate=FormCreate | Form60.OnPaint=FormPaint | Form60.OnShow=FormShow | Edit1.OnChange=Edit1Change | bt1.OnClick=bt1Click | bt2.OnClick=bt2Click
TForm61	5	Form61 | Label4 | OK	Form61.OnCreate=FormCreate | Form61.OnKeyDown=FormKeyDown | Form61.OnPaint=FormPaint | btconf.OnClick=btconfClick | bt2.OnClick=bt2Click
TForm62	17	Form62 | xxxx | X	Form62.OnClose=FormClose | Form62.OnCreate=FormCreate | Form62.OnPaint=FormPaint | Form62.OnShow=FormShow | XiButton1.OnClick=XiButton1Click | XiButton2.OnClick=XiButton2Click | grid1.OnCellColoring=grid1CellColoring | grid1.OnSelectCell=grid1SelectCell | grid1.OnCellFormating=grid1CellFormating | bt1.OnClick=bt1Click
TForm63	36	Form63 | 1ª Rodada | lab1 | lab1 | lab1 | lab1 | lab1 | lab1 | < | >	Form63.OnClose=FormClose | Form63.OnCreate=FormCreate | Form63.OnPaint=FormPaint | Form63.OnShow=FormShow | Image1.OnClick=Image1Click | Image2.OnClick=Image2Click | Image3.OnClick=Image3Click | Image4.OnClick=Image4Click | Image6.OnClick=Image6Click | Image5.OnClick=Image5Click | lab1.OnClick=Image1Click | lab3.OnClick=Image3Click | lab4.OnClick=Image4Click | lab5.OnClick=Image5Click | lab6.OnClick=Image6Click | imgfechar.OnClick=imgfecharClick | Image7.OnClick=Image7Click | lab7.OnClick=Image7Click | t1.OnCellColoring=t1CellColoring | t1.OnDblClick=t1DblClick | bt3.OnClick=bt3Click | XiButton3.OnClick=XiButton3Click | combo1.OnChange=combo1Change | c1.OnChange=c1Click | combopais.OnChange=combopaisChange
TForm64	15	Cores de fundo da Lista | Goleiros: | Laterais: | Meias: | Zagueiros: | Atacantes: | OK	Form64.OnClose=FormClose | Form64.OnCreate=FormCreate | Shape1.OnMouseDown=Shape1MouseDown | Shape2.OnMouseDown=Shape2MouseDown | Shape3.OnMouseDown=Shape3MouseDown | Shape4.OnMouseDown=Shape4MouseDown | Shape5.OnMouseDown=Shape5MouseDown | bt3.OnClick=XiButton2Click | TntBitBtn1.OnClick=XiButton1Click
TForm65	5	Deseja mesmo se demitir do time atual? | Confirmação	Form65.OnClose=FormClose | Form65.OnCreate=FormCreate | Form65.OnShow=FormShow | XiButton2.OnClick=XiButton2Click | XiButton1.OnClick=XiButton1Click
TForm67	65	Form67 | Público: | Público: | Estádio | 3x1 | a | a | a | a | a | a | '' | time | Estatísticas | Posse de bola | Finalizações | Roubadas bola | Passes errados | Faltas cometidas | % | % | % | % | % | % | % | % | % | % | time | P: 8 x 5 | Button1	Form67.OnClose=FormClose | Form67.OnCreate=FormCreate | Form67.OnKeyDown=FormKeyDown | Form67.OnPaint=FormPaint | Image4.OnClick=Image4Click | grid1.OnCellColoring=grid1CellColoring | grid1.OnSelectCell=grid1SelectCell | grid1.OnCellFormating=grid1CellFormating | bt3.OnClick=bt3Click | bt2.OnClick=bt2Click | button2.OnClick=Button2Click | combopais.OnChange=combopaisChange | combolib.OnChange=CombolibChange | Button1.OnClick=Button1Click | Timer1.OnTimer=Timer1Timer
TForm68	20	Atenção | Atenção | Proposta de compra | Atenção | Atenção | Está querendo comprar o jogador: | Está querendo comprar o jogador: | Está querendo comprar o jogador: | Está querendo comprar o jogador: | Está querendo comprar o jogador: | Está querendo comprar o jogador: | Label4 | Label4 | Label4	Form68.OnClose=FormClose | Form68.OnCreate=FormCreate | Form68.OnKeyDown=FormKeyDown | Form68.OnPaint=FormPaint | Form68.OnShow=FormShow | bt3.OnClick=bt3Click | TntBitBtn1.OnClick=XiButton1Click
TForm69	126	Form69 | campeão | Libertadores - 2ª fase	Form69.OnClose=FormClose | Form69.OnCreate=FormCreate | Form69.OnKeyDown=FormKeyDown | Form69.OnPaint=FormPaint | Form69.OnShow=FormShow | Image1.OnClick=Image1Click | combo1.OnChange=combo1Change
TForm6	20	Form6 | 25 | Label4 | Label4 | Label4 | Label4 | Label4 | Label4 | Label4 | Estrela | OK | Cancel	Form6.OnActivate=FormActivate | Form6.OnClose=FormClose | Form6.OnCreate=FormCreate | Form6.OnKeyDown=FormKeyDown | Form6.OnShow=FormShow | TrackBar1.OnChange=TrackBar1Change | BitBtn1.OnClick=BitBtn1Click | BitBtn2.OnClick=BitBtn2Click | combobox1.OnChange=ComboBox1Change
TForm70	9	Form70 | X	Form70.OnClose=FormClose | Form70.OnCreate=FormCreate | Form70.OnPaint=FormPaint | bt3.OnClick=bt3Click | comboano.OnChange=comboanoChange | combobox1.OnChange=ComboBox1Change | combo1.OnChange=combo1Change | combopais.OnChange=combopaisChange
TForm71	35	Form71 | Label4 | X | Ranking por reputação	Form71.OnClose=FormClose | Form71.OnCreate=FormCreate | Form71.OnKeyDown=FormKeyDown | Form71.OnPaint=FormPaint | Form71.OnShow=FormShow | bt3.OnClick=bt3Click | listr1.OnCellColoring=listr2CellColoring | listr2.OnCellColoring=listr2CellColoring | bt4.OnClick=bt4Click | combopais.OnChange=combopaisChange | bt2.OnClick=bt2Click | bt1.OnClick=bt1Click
TForm72	8	Form72 | Label4 | Label4 | Label3 | Label4 | OK	Form72.OnClose=FormClose | Form72.OnCreate=FormCreate | Form72.OnPaint=FormPaint | Form72.OnShow=FormShow | bt3.OnClick=bt3Click
TForm73	19	Add National Team | Color 1: | Color 2: | Level: | Coach: | select logo | Add | Cancel	Form73.OnClose=FormClose | Form73.OnCreate=FormCreate | Shape1.OnMouseDown=Shape1MouseDown | Shape2.OnMouseDown=Shape2MouseDown | image1.OnClick=image1Click | BitBtn1.OnClick=BitBtn1Click | BitBtn2.OnClick=BitBtn2Click
TForm74	41	Form74 | Clube | Libertadores | Sul- Americana | Copa do Brasil | Camp. Brasileiro | Camp. Mineiro | Mundial | (01) | (01) | (01) | (01) | (01) | (01) | (galeria de troféus vazia) | extra | (01) | X	Form74.OnClose=FormClose | Form74.OnCreate=FormCreate | Form74.OnPaint=FormPaint | XiButton1.OnClick=XiButton1Click
TForm75	42	Form75 | Label4 | Label4 | Label4 | Label4 | Tecnico | Label4 | Label4 | Label4 | Salvar jogo | - | Opções | - | Sair do jogo	Form75.OnCreate=FormCreate | Form75.OnKeyDown=FormKeyDown | Form75.OnPaint=FormPaint | thumb2.OnClick=Label13Click | thumb1.OnClick=Label4Click | TntLabel3.OnClick=Label13Click | TntLabel2.OnClick=Label4Click | label5.OnClick=Label4Click | gridview1.OnCellClick=gridview1CellClick | gridview1.OnCellColoring=gridview1CellColoring | btjogar.OnClick=btjogarClick | Salvar.OnClick=SalvarClick | opcoes.OnClick=opcoesClick | Sairdojogo1.OnClick=Sairdojogo1Click
TForm76	25	Form76 | Escolha da seleção para treinar na Copa do Mundo | Copa do Mundo | Copa do Mundo | btfechar | btfechar	Form76.OnClose=FormClose | Form76.OnCreate=FormCreate | Form76.OnKeyDown=FormKeyDown | Form76.OnPaint=FormPaint | Form76.OnShow=FormShow | r1.OnClick=r1Click | r2.OnClick=r1Click | r3.OnClick=r1Click | r4.OnClick=r1Click | r5.OnClick=r1Click | r6.OnClick=r1Click | r7.OnClick=r1Click | r8.OnClick=r1Click | btfechar.OnClick=btfecharClick | XiButton1.OnClick=XiButton1Click
TForm77	50	Form77 | 0 | 0 | Label4 | Label4 | Label4 | Label4 | Label4 | Label4 | Label4 | Label4 | Label4 | OK >>> | >> | <<	Form77.OnClose=FormClose | Form77.OnCreate=FormCreate | Form77.OnPaint=FormPaint | Form77.OnShow=FormShow | bt2.OnClick=bt2Click | gfind.OnSelectCell=gfindSelectCell | gsel.OnSelectCell=gselSelectCell | XiButton1.OnClick=XiButton1Click | XiButton2.OnClick=XiButton2Click | xibutton3.OnClick=XiButton3Click
TForm78	167	Form78 | Inglaterra  | 1x1 | Sérvia e Montenegro | Berlim | Brasil  | Stutgart | 1x1 |  China | Berlim | Stutgart | Inglaterra  | Brasil  | 1x1 | 1x1 | Sérvia e Montenegro |  China | Berlim | Stutgart | Inglaterra  | Brasil  | 1x1 | 1x1 | Sérvia e Montenegro |  China | Berlim | Stutgart | x | x | 1 | 2 | Berlim | Stutgart | x | x | 3 | 4 | Stutgart | Berlim | Stutgart | Berlim | x | x | x | x | 5 | 6 | 7 | 8 | Berlim | Stutgart | Berlim | Stutgart | 7   | 3   | 5   | 1  | x | x | x | x |  8  |  4  |  6   |  2 | 12 | 11 | 10 | 9 |  9  | Berlim | Stutgart |  11   | x | x |  10  |  12  | 13 | 14 | Berlim |  13   | x |  14  | 15 |  13  | Berlim | x |  14  | 16 |  A  |  B  |  C  |  D  |  E  |  F  |  G  |  H  | Label4 | Label4 | Label4 | Label4 | Label4 | Label4 | 1 - A  | 1 - H  | 1 - F  | 1 - G  | 1 - E  | 1 - D | 1 - B  | 1 - C  |  2 - B |  2 - D |  2- A |  2 - C |  2 - F |  2 - H |  2 - E |  2 - G | OK	Form78.OnClose=FormClose | Form78.OnCreate=FormCreate | Form78.OnKeyDown=FormKeyDown | Form78.OnPaint=FormPaint | Form78.OnShow=FormShow | p1.OnClick=p1Click | p2.OnClick=p1Click | p4.OnClick=p1Click | p3.OnClick=p1Click | p6.OnClick=p1Click | p5.OnClick=p1Click | po2.OnClick=p1Click | po1.OnClick=p1Click | po3.OnClick=p1Click | po4.OnClick=p1Click | po8.OnClick=p1Click | po7.OnClick=p1Click | po6.OnClick=p1Click | po5.OnClick=p1Click | po9.OnClick=p1Click | po10.OnClick=p1Click | po11.OnClick=p1Click | po12.OnClick=p1Click | po14.OnClick=p1Click | po13.OnClick=p1Click | po15.OnClick=p1Click | po16.OnClick=p1Click | gr1.OnClick=gr1Click | gr2.OnClick=gr1Click | gr3.OnClick=gr1Click | gr4.OnClick=gr1Click | gr5.OnClick=gr1Click | gr6.OnClick=gr1Click | gr7.OnClick=gr1Click | gr8.OnClick=gr1Click | bt3.OnClick=bt3Click
TForm79	16	Transferir Jogador | Nome para | Procurar time na lista | (dica: digite as primeiras letrars do nome do time que  quer encontrar) | Transferir | Cancelar | Procurar	Form79.OnClose=FormClose | Form79.OnCreate=FormCreate | grid1.OnSelectCell=grid1SelectCell | XiButton1.OnClick=XiButton1Click | XiButton2.OnClick=XiButton2Click | XiButton3.OnClick=XiButton3Click
TForm7	31	Form7 | Label4 | Label4 | Label4 | Label4 | Label4 | Label4 | Label4 | Label4 | Label4 | Label4 | Label4 | Label4 | OK | Cancel	Form7.OnClose=FormClose | Form7.OnCreate=FormCreate | Form7.OnShow=FormShow | Shape1.OnMouseDown=Shape1MouseDown | Shape2.OnMouseDown=Shape2MouseDown | Image1.OnMouseDown=Image1MouseDown | estadocombo.OnSelect=estadocomboSelect | ComboBox1.OnSelect=ComboBox1Select | BitBtn1.OnClick=BitBtn1Click | BitBtn2.OnClick=BitBtn2Click | combo1.OnChange=combo1Change
TForm80	8	Referee | Márcio Rezende de Freitas | Técnica: | Rigor: | 2 | 2	Form80.OnCreate=FormCreate | Form80.OnShow=FormShow
TForm81	14	Form81 | Label4 | (nome) | Label4 | Label4 | Label4 | (nome) | X	Form81.OnClose=FormClose | Form81.OnCreate=FormCreate | Form81.OnPaint=FormPaint | Form81.OnShow=FormShow | combo1.OnSelect=combo1Select | ComboBox1.OnSelect=ComboBox1Select | XiButton1.OnClick=XiButton1Click | bt1.OnClick=bt1Click
TForm82	7	Form82 | Label4 | Label4 | OK	Form82.OnClose=FormClose | Form82.OnCreate=FormCreate | Form82.OnPaint=FormPaint | Form82.OnShow=FormShow | Image1.OnClick=XiButton1Click | button1.OnClick=button1Click
TForm83	29	Form83 | X	Form83.OnClose=FormClose | Form83.OnCreate=FormCreate | bt3.OnClick=bt3Click | combo1.OnChange=combo1Change | combopais.OnChange=combopaisChange
TForm84	7	Form84	Form84.OnClose=FormClose | Form84.OnCreate=FormCreate | Form84.OnPaint=FormPaint | Form84.OnShow=FormShow | xibutton2.OnClick=XiButton2Click | xibutton1.OnClick=XiButton1Click
TForm85	6	Form85 | Label4 | Label4	Form85.OnClose=FormClose | Form85.OnCreate=FormCreate | Form85.OnPaint=FormPaint | Form85.OnShow=FormShow | xibutton1.OnClick=XiButton1Click | xibutton2.OnClick=XiButton2Click
TForm86	8	Label4 | Label4 | Label4 | OK	Form86.OnClose=FormClose | Form86.OnCreate=FormCreate | Shape1.OnMouseDown=Shape1MouseDown | Shape2.OnMouseDown=Shape2MouseDown | XiButton1.OnClick=XiButton1Click
TForm87	61	Form87 | Seleção tática automática | Adversário: | Estilo de jogo: | Concentrar ataques: | Tipo da marcação: | Cobrança faltas: | Capitão: | Uniforme: | Adversário: | Seleção tática automática | Seleção tática automática | Button1 | go simul | limpa | Button4 | THTMLRadioButton | THTMLRadioButton | THTMLRadioButton | Táticas salvas | Запомни състав	Form87.OnClose=FormClose | Form87.OnCreate=FormCreate | Form87.OnPaint=FormPaint | Image3.OnDragDrop=Image1DragDrop | Image3.OnDragOver=Image1DragOver | Image3.OnEndDrag=Image1EndDrag | Image3.OnStartDrag=Image1StartDrag | gridview1.OnDragOver=gridview1DragOver | gridview1.OnMouseDown=gridview1MouseDown | gridview1.OnSelectCell=gridview1SelectCell | gridview1.OnStartDrag=gridview1StartDrag | Button1.OnClick=Button1Click | Button2.OnClick=Button2Click | Button3.OnClick=Button3Click | Button4.OnClick=Button4Click | rd1.OnClick=rd1Click | rd2.OnClick=rd2Click | rd3.OnClick=rd3Click | AdvGlowButton1.OnClick=AdvGlowButton1Click | combtat.OnChange=combtatClick | combomarc.OnChange=combomarcChange | comboej.OnChange=comboejClick | combo_cataq.OnChange=combo_cataqChange | combo2.OnChange=combo2Change | combo1.OnChange=combo1Change | bt_voltar.OnClick=bt_voltarClick | bt_irprojogo.OnClick=bt_irprojogoClick | ckescalacao.OnClick=ckescalacaoClick
TForm88	43	Form88 | Label4 | Button1	Form88.OnClose=FormClose | Form88.OnCreate=FormCreate | Form88.OnKeyDown=FormKeyDown | Form88.OnPaint=FormPaint | bck1.OnClick=nometime1Click | bck2.OnClick=nometime2Click | nometime2.OnClick=nometime2Click | nometime1.OnClick=nometime1Click | Image4.OnClick=Image4Click | f88esc1.OnClick=nometime1Click | f88esc2.OnClick=nometime2Click | label7.OnClick=Image4Click | Image3.OnDragDrop=Image1DragDrop | Image3.OnDragOver=Image1DragOver | Button1.OnClick=Button1Click | bt_irprojogo.OnClick=bt_irprojogoClick | comboej.OnChange=comboejChange | combomarc.OnChange=combomarcChange | combo_cataq.OnChange=combo_cataqChange
Tform89	42	form89 | Label1 | Label2 | Label3 | Label4 | Label5 | Label5 | Label3 | Label3 | Button1 | Button2 | run | escalacao | res | nsr | sem eventos hum. | penaltis | show rating | tabela | tabela neutro | tabela peso maior campo | campo neutro | internacional	form89.OnCreate=FormCreate | Button1.OnClick=Button1Click | Button2.OnClick=Button2Click | Button3.OnClick=Button3Click | Button4.OnClick=Button4Click | Button5.OnClick=Button5Click | Button6.OnClick=Button6Click | Button7.OnClick=Button7Click | Button8.OnClick=Button8Click | Button9.OnClick=Button9Click | Button10.OnClick=Button10Click | Button11.OnClick=Button11Click
TForm8	34	Form8 | $0 | $0 | $0 | $0 | 10.000 | 10.000 | 10.000 | 10.000 | 10.000 | 10.000 | 10.000 | 10.000 | Expansão em andamento, previsão de término: | Label4 | Label4 | Label4 | Label4 | Label4 | Label4 | Label4 | Label4 | Label4 | Label4 | Label4 | X	Form8.OnClose=FormClose | Form8.OnCreate=FormCreate | Form8.OnShow=FormShow | upc.OnClick=upcClick | upa.OnClick=upaClick | upg.OnClick=upgClick | upcm.OnClick=upcmClick | AdvGlowButton1.OnClick=bt3Click | bt1.OnClick=bt1Click | AdvGlowButton2.OnClick=AdvGlowButton2Click
TForm90	14	Form90 | Salvar tática atual | Nome: | Selecione pelo menos 11 titulares | Excluir | Carregar | Salvar | << Voltar	Form90.OnClose=FormClose | Form90.OnCreate=FormCreate | Form90.OnPaint=FormPaint | Form90.OnShow=FormShow | AdvGlowButton2.OnClick=AdvGlowButton2Click | AdvGlowButton1.OnClick=AdvGlowButton1Click | AdvGlowButton3.OnClick=AdvGlowButton3Click | AdvGlowButton4.OnClick=AdvGlowButton4Click
TForm91	35	Juniores | Confirmar promoção do Junior xxxxxx xxxxxxx? | ---- | Confirmar promoção do Junior xxxxxx xxxxxxx? | promote | fire | yes | no	Form91.OnClose=FormClose | Form91.OnCreate=FormCreate | Form91.OnPaint=FormPaint | Image8.OnClick=Image8Click | gridview1.OnSelectCell=gridview1SelectCell | gridview1.OnCellFormating=gridview1CellFormating | Edit1.OnChange=Edit1Change | btacao.OnClick=btacaoClick | XiButton1.OnClick=XiButton1Click | XiButton3.OnClick=XiButton3Click | XiButton4.OnClick=XiButton4Click
TForm92	13	1 | Quando possível usar grupos/divisões reais | Salvar | Restaurar padrões	Form92.OnClose=FormClose | Form92.OnCreate=FormCreate | Form92.OnPaint=FormPaint | Image2.OnMouseDown=Image1MouseDown | gridview1.OnCellClick=gridview1CellClick | Button1.OnClick=Button1Click | Button3.OnClick=Button3Click | gr.OnClick=grClick
TForm93	21	Form93 | Jogar na primeira temporada | Na Libertadores | Sem times humanos ver jogos: | Libertadores | Liga dos Campeões da Europa | Liga Africana | Liga Asiática | Usar grupos reais na primeira temporada: | Na Liga dos Campeões da Europa | Confirmar promoção do Junior xxxxxx xxxxxxx? | ck_dt1 | CheckBox1 | CheckBox1 | CheckBox1 | CheckBox1 | CheckBox1 | ck_gre	Form93.OnClose=FormClose | Form93.OnCreate=FormCreate | Form93.OnPaint=FormPaint | Image2.OnClick=Image2Click | ck_dt1.OnClick=ck_dt1Click | ck_grl.OnClick=ck_grlClick | ck_verjlib.OnClick=ck_verjlibClick | ck_verjlig.OnClick=ck_verjligClick | ck_verjafr.OnClick=ck_verjafrClick | ck_verjasi.OnClick=ck_verjasiClick | ck_gre.OnClick=ck_greClick
TForm9	44	Form9 | A Copa do Mundo, Eurocopa, Copa América, Copa Sul-americana/UEFA, estaduais e o sistema de disputa com 2 divisões de 20 times só estão disponíveis na versão registrada. Assim como na registrada é possível jogar com até 10 técnicos humanos. Registre já o seu jogo para ter todas as opções extras! Registre em www.brasfoot.com | <shad>Jogar campeonato personalizado (modo fantasia)</shad> | <shad>Jogar campeonatos por países (modo real)</shad> | THTMLCheckBox | THTMLCheckBox | <shad>Grupos reais em 2014</shad> | THTMLCheckBox | <shad>Jogar Estaduais</shad> | THTMLCheckBox | THTMLCheckBox | THTMLCheckBox	Form9.OnClose=FormClose | Form9.OnCreate=FormCreate | Form9.OnKeyDown=FormKeyDown | Form9.OnPaint=FormPaint | combo1.OnChange=combo1Change | list1.OnCellClick=list1CellClick | list1.OnHeaderClick=list1HeaderClick | rd2.OnClick=rd2Click | rd1.OnClick=rd1Click | ComboBox2.OnSelect=ComboBox2Select | ckinter2.OnClick=ckinter2Click | ckinter1.OnClick=ckinter1Click | ckgruposcopamundo.OnClick=ckinter2Click | ckeurocopa.OnClick=ckeurocopaClick | ckestadual.OnClick=ckestadualClick | ckcopamundo.OnClick=ckcopamundoClick | ckcopaamerica.OnClick=ckcopaamericaClick | ckcopa.OnClick=ckcopaClick | AdvGlowButton2.OnClick=Image2Click | AdvGlowButton3.OnClick=Image3Click | xibutton1.OnClick=XiButton1Click | xibutton2.OnClick=XiButton2Click | AdvGlowButton1.OnClick=XiButton3Click
